AP20_Rnk,PS20_Rnk,KP20_Rank,TeamID,TS20_Team,KP20_Conference,TS20_GP,STA20_W,STA20_L,STA20_Pct,STA20_Strk,STA20_Conf_W,STA20_Conf_L,STA20_Conf_Pct,STA20_Home_W,STA20_Home_L,STA20_Away_W,STA20_Away_L,STA20_Neutral_W,STA20_Neutral_L,STA20_Top25_W,STA20_Top25_L,STA20_Conf_PF,STA20_Conf_PA,STA20_Conf_PPG,STA20_Conf_PAPG,STA20_PF,STA20_PA,STA20_PPG,STA20_PAPG,TS20_FGM,TS20_FGA,TS20_FG%,TS20_3PM,TS20_3PA,TS20_3P%,TS20_FTM,TS20_FTA,TS20_FT%,KP20_Ajusted Efficiency Margin,KP20_Adjusted Offensive Efficiency,KP20_AOE Rk,KP20_Adjusted Defensive Efficiency,KP20_ADE Rk,KP20_Adjusted Tempo,KP20_AT Rk,KP20_Luck,KP20_Luck Rk,KP20_Strength of Schedule,KP20_SOS Rk,KP20_Non-Conference Strength of Schedule,KP20_NCSOS Rk,KP20_Average Opponents Offensive Efficiency,KP20_AOOE Rk,KP20_Average Opponents Defensive Efficiency,KP20_AODE Rk
,,275.0,52,UMass Lowell,AE,32,13,19,0.406,L1,7,9,0.438,8,9,5,10,0,0,0,2,0,0,0.0,0.0,2388,2433,74.625,76.03125,838,1830,0.458,222,655,0.339,490,688,0.7120000000000001,-9.15,104.4,144.0,113.6,337.0,70.3,72.0,-0.036000000000000004,275.0,-6.19,301.0,-5.29,323.0,97.8,336.0,104.0,223.0
,,76.0,168,Vermont,AE,33,26,7,0.7879999999999999,W4,14,2,0.875,13,3,12,3,1,1,0,1,0,0,0.0,0.0,2361,1963,71.54545454545455,59.48484848484848,841,1876,0.448,267,816,0.327,412,574,0.718,10.1,106.5,98.0,96.4,68.0,66.3,273.0,-0.027000000000000003,257.0,-5.44,280.0,1.8,110.0,98.7,319.0,104.2,234.0
,,192.0,67,Stony Brook,AE,33,20,13,0.606,L1,10,6,0.625,10,5,8,8,2,0,0,2,0,0,0.0,0.0,2283,2172,69.18181818181819,65.81818181818181,777,1909,0.407,274,822,0.333,455,628,0.725,-1.74,97.7,260.0,99.4,111.0,69.8,92.0,0.021,127.0,-4.66,255.0,1.61,119.0,99.2,305.0,103.8,211.0
,,256.0,162,UMBC,AE,33,16,17,0.485,L1,8,8,0.5,11,5,5,10,0,2,0,0,0,0,0.0,0.0,2255,2207,68.33333333333333,66.87878787878788,816,1843,0.443,229,723,0.317,394,611,0.645,-7.93,97.8,258.0,105.7,252.0,66.8,255.0,0.011,158.0,-4.23,247.0,-0.17,184.0,99.7,280.0,104.0,219.0
,,243.0,221,Hartford,AE,33,18,15,0.545,W2,9,7,0.563,9,8,9,7,0,0,0,0,0,0,0.0,0.0,2201,2203,66.6969696969697,66.75757575757575,773,1850,0.418,253,742,0.341,402,572,0.703,-6.72,94.4,312.0,101.1,144.0,68.2,184.0,0.048,58.0,-6.45,310.0,-5.11,321.0,99.2,303.0,105.7,303.0
,,282.0,164,Albany,AE,32,14,18,0.438,L6,7,9,0.438,7,7,5,11,2,0,0,0,0,0,0.0,0.0,2127,2190,66.46875,68.4375,725,1768,0.41,255,774,0.329,422,600,0.703,-9.55,94.3,316.0,103.9,208.0,68.5,166.0,0.011,156.0,-5.6,287.0,-4.51,310.0,99.1,309.0,104.7,257.0
,,248.0,277,New Hampshire,AE,30,15,15,0.5,L2,8,8,0.5,10,3,5,12,0,0,0,0,0,0,0.0,0.0,2071,1990,69.03333333333333,66.33333333333333,750,1838,0.408,255,769,0.332,316,470,0.672,-7.11,95.0,304.0,102.1,168.0,68.6,163.0,0.011,157.0,-5.88,292.0,-3.57,288.0,99.1,306.0,105.0,275.0
,,333.0,214,Binghamton,AE,29,10,19,0.345,L1,4,12,0.25,7,7,3,12,0,0,0,1,0,0,0.0,0.0,2014,2221,69.44827586206897,76.58620689655173,717,1750,0.41,278,839,0.331,302,417,0.7240000000000001,-17.22,99.7,224.0,116.9,346.0,68.6,164.0,0.073,22.0,-4.46,250.0,-1.86,241.0,99.6,289.0,104.1,227.0
,,320.0,300,Maine,AE,31,9,22,0.29,L1,5,11,0.313,5,7,3,15,1,0,0,2,0,0,0.0,0.0,1904,2109,61.41935483870968,68.03225806451613,689,1693,0.407,206,732,0.281,320,450,0.711,-13.91,92.9,330.0,106.8,273.0,65.9,294.0,-0.03,264.0,-3.08,225.0,0.48,163.0,99.6,288.0,102.7,160.0
,,52.0,271,UConn,Amer,31,19,12,0.613,W5,10,8,0.556,14,3,3,7,2,2,2,4,0,0,0.0,0.0,2258,2078,72.83870967741936,67.03225806451613,782,1862,0.42,216,667,0.324,478,644,0.742,12.97,108.6,64.0,95.6,59.0,68.5,167.0,-0.077,325.0,4.52,86.0,-1.69,233.0,103.1,124.0,98.6,54.0
22.0,22.0,14.0,130,Houston,Amer,31,23,8,0.742,W1,13,5,0.722,14,2,6,6,3,0,2,1,0,0,0.0,0.0,2241,1926,72.29032258064517,62.12903225806453,788,1868,0.422,216,641,0.337,449,615,0.73,20.39,112.7,22.0,92.3,21.0,65.7,300.0,-0.052000000000000005,308.0,6.33,68.0,2.56,88.0,104.2,99.0,97.9,38.0
,,59.0,211,Memphis,Amer,31,21,10,0.677,L1,10,8,0.556,15,3,5,6,1,1,2,3,0,0,0.0,0.0,2232,2012,72.0,64.90322580645162,775,1763,0.44,204,620,0.329,478,704,0.679,11.53,100.6,210.0,89.1,5.0,72.6,28.0,0.025,116.0,4.81,80.0,-2.18,247.0,104.5,91.0,99.7,81.0
,,39.0,148,Wichita State,Amer,31,23,8,0.742,W1,11,7,0.611,17,2,5,5,1,1,1,1,0,0,0.0,0.0,2227,1977,71.83870967741936,63.774193548387096,769,1891,0.407,244,744,0.328,445,638,0.6970000000000001,15.19,105.6,117.0,90.4,8.0,69.5,101.0,0.041,78.0,4.78,81.0,-1.25,223.0,103.7,109.0,98.9,66.0
,,88.0,170,SMU,Amer,30,19,11,0.633,L3,9,9,0.5,15,2,4,9,0,0,2,0,0,0,0.0,0.0,2188,2054,72.93333333333334,68.46666666666667,770,1706,0.451,236,730,0.32299999999999995,412,541,0.762,8.62,112.4,28.0,103.8,202.0,64.8,331.0,0.004,173.0,2.6,107.0,-4.81,317.0,102.2,169.0,99.6,80.0
,,44.0,166,Cincinnati,Amer,30,20,10,0.667,W2,13,5,0.722,13,2,5,6,2,2,2,3,0,0,0.0,0.0,2182,2014,72.73333333333333,67.13333333333334,763,1713,0.445,197,618,0.319,459,678,0.677,14.02,108.8,59.0,94.7,51.0,68.0,199.0,-0.013,220.0,6.52,65.0,3.6,64.0,104.4,94.0,97.9,39.0
,,115.0,302,Temple,Amer,31,14,17,0.452,L5,6,12,0.333,8,7,4,8,2,2,1,2,0,0,0.0,0.0,2117,2104,68.29032258064517,67.87096774193549,744,1843,0.404,208,645,0.322,421,613,0.687,5.49,100.1,217.0,94.6,47.0,70.3,73.0,-0.052000000000000005,307.0,6.19,71.0,2.93,73.0,104.8,86.0,98.6,56.0
,,217.0,244,East Carolina,Amer,31,11,20,0.355,L3,5,13,0.278,9,7,1,11,1,2,0,2,0,0,0.0,0.0,2111,2238,68.09677419354838,72.19354838709677,741,1759,0.421,162,577,0.281,467,647,0.722,-4.42,99.6,227.0,104.0,213.0,70.6,62.0,-0.01,210.0,1.25,122.0,-9.14,350.0,101.5,215.0,100.3,91.0
,,80.0,210,Tulsa,Amer,31,21,10,0.677,L1,13,5,0.722,15,2,6,7,0,1,2,1,0,0,0.0,0.0,2103,1969,67.83870967741936,63.516129032258064,728,1653,0.44,182,566,0.322,465,657,0.708,9.65,103.2,168.0,93.6,34.0,65.8,297.0,0.076,19.0,3.19,98.0,-4.68,315.0,103.5,116.0,100.3,89.0
,,117.0,296,UCF,Amer,30,16,14,0.5329999999999999,W2,7,11,0.389,10,6,4,7,2,1,0,0,0,0,0.0,0.0,2067,2037,68.9,67.9,739,1713,0.431,213,659,0.32299999999999995,376,529,0.711,4.88,103.5,162.0,98.6,98.0,67.8,208.0,0.002,179.0,3.18,99.0,-3.56,286.0,103.3,118.0,100.1,87.0
,,185.0,284,Tulane,Amer,30,12,18,0.4,L3,4,14,0.222,7,7,3,7,2,4,0,2,0,0,0.0,0.0,2050,2128,68.33333333333333,70.93333333333334,702,1709,0.411,230,689,0.334,416,584,0.7120000000000001,-1.15,101.9,192.0,103.1,191.0,68.7,154.0,-0.014,225.0,3.24,96.0,-5.36,325.0,102.8,137.0,99.6,79.0
,,125.0,319,South Florida,Amer,31,14,17,0.452,W1,7,11,0.389,10,7,3,6,1,4,0,4,0,0,0.0,0.0,1943,1944,62.67741935483871,62.70967741935484,672,1654,0.406,196,635,0.309,403,620,0.65,4.29,100.2,214.0,95.9,63.0,64.9,324.0,-0.047,297.0,4.52,85.0,-2.74,263.0,103.4,117.0,98.9,65.0
3.0,3.0,4.0,26,Dayton,A10,31,29,2,0.935,W20,18,0,1.0,17,0,9,0,3,2,0,1,0,0,0.0,0.0,2480,2000,80.0,64.51612903225806,905,1725,0.525,249,672,0.371,421,585,0.72,24.93,119.1,2.0,94.1,38.0,67.6,220.0,0.002,180.0,2.74,105.0,-0.74,203.0,104.1,103.0,101.3,105.0
,,46.0,106,Richmond,A10,31,24,7,0.774,W4,14,4,0.778,14,2,9,3,1,2,0,2,0,0,0.0,0.0,2335,2070,75.3225806451613,66.7741935483871,847,1818,0.466,249,688,0.362,392,505,0.7759999999999999,13.87,109.2,53.0,95.3,54.0,69.3,124.0,0.044,69.0,1.86,115.0,-0.95,211.0,104.2,98.0,102.4,142.0
,,62.0,186,Saint Louis,A10,31,23,8,0.742,W5,12,6,0.667,15,3,6,4,2,1,0,4,0,0,0.0,0.0,2223,2020,71.70967741935483,65.16129032258064,819,1804,0.454,166,488,0.34,419,723,0.58,11.41,105.8,111.0,94.4,44.0,67.6,219.0,0.026,111.0,1.83,116.0,-1.72,236.0,103.1,125.0,101.2,101.0
,,260.0,223,Saint Joseph's,A10,32,6,26,0.188,L3,2,16,0.111,4,10,2,12,0,4,0,2,0,0,0.0,0.0,2208,2543,69.0,79.46875,761,1943,0.392,287,965,0.297,399,566,0.705,-8.34,101.9,193.0,110.2,315.0,71.2,47.0,0.009000000000000001,162.0,5.48,76.0,4.7,45.0,105.0,84.0,99.5,75.0
,,65.0,227,Rhode Island,A10,30,21,9,0.7,W1,13,5,0.722,12,3,8,5,1,1,0,3,0,0,0.0,0.0,2200,2066,73.33333333333333,68.86666666666666,783,1852,0.423,170,539,0.315,464,686,0.6759999999999999,11.06,105.2,126.0,94.2,39.0,71.2,46.0,0.068,32.0,4.64,83.0,4.07,57.0,105.0,79.0,100.4,92.0
,,73.0,187,VCU,A10,31,18,13,0.581,L2,8,10,0.444,14,4,4,7,0,2,1,3,0,0,0.0,0.0,2193,2020,70.74193548387096,65.16129032258064,775,1792,0.4320000000000001,231,667,0.34600000000000003,412,592,0.696,10.29,104.7,138.0,94.4,45.0,69.0,134.0,-0.064,320.0,3.55,94.0,-1.01,213.0,104.2,102.0,100.6,94.0
,,70.0,280,Davidson,A10,30,16,14,0.5329999999999999,W1,10,8,0.556,11,1,4,9,1,4,0,2,0,0,0.0,0.0,2182,2025,72.73333333333333,67.5,755,1666,0.453,272,742,0.3670000000000001,400,525,0.762,10.62,112.5,26.0,101.9,163.0,64.8,330.0,-0.094,339.0,3.66,93.0,2.91,74.0,103.1,122.0,99.5,74.0
,,174.0,236,George Mason,A10,32,17,15,0.531,W2,5,13,0.278,10,7,3,8,4,0,0,2,0,0,0.0,0.0,2148,2168,67.125,67.75,765,1805,0.424,189,622,0.304,429,621,0.691,-0.04,101.3,197.0,101.3,153.0,67.0,246.0,0.056,44.0,0.32,138.0,-6.46,341.0,102.4,160.0,102.0,125.0
,,95.0,262,Duquesne,A10,30,21,9,0.7,L1,11,7,0.611,10,4,6,3,5,2,0,2,0,0,0.0,0.0,2146,1993,71.53333333333333,66.43333333333334,758,1711,0.443,235,738,0.318,395,562,0.703,7.58,106.6,94.0,99.0,104.0,67.8,211.0,0.049,54.0,0.52,133.0,-5.04,320.0,102.8,138.0,102.3,137.0
,,123.0,261,St. Bonaventure,A10,31,19,12,0.613,L1,11,7,0.611,9,5,7,7,3,0,0,1,0,0,0.0,0.0,2143,2073,69.12903225806451,66.87096774193549,787,1805,0.436,210,611,0.344,359,488,0.736,4.37,106.6,95.0,102.2,174.0,65.7,301.0,0.052000000000000005,49.0,1.24,123.0,-0.71,200.0,102.6,147.0,101.3,104.0
,,165.0,231,UMass,A10,31,14,17,0.452,L1,8,10,0.444,11,5,3,9,0,3,0,3,0,0,0.0,0.0,2124,2207,68.51612903225806,71.19354838709677,758,1781,0.426,235,715,0.329,373,532,0.701,0.43,102.9,174.0,102.5,185.0,68.6,161.0,0.012,153.0,4.2,90.0,1.15,141.0,103.6,111.0,99.4,73.0
,,241.0,282,George Washington,A10,32,12,20,0.375,L6,6,12,0.333,7,9,3,9,2,2,0,1,0,0,0.0,0.0,2086,2243,65.1875,70.09375,728,1726,0.422,235,733,0.321,395,566,0.698,-6.54,99.2,236.0,105.8,253.0,66.6,264.0,0.02,133.0,0.31,139.0,-6.19,339.0,101.8,197.0,101.5,107.0
,,181.0,297,La Salle,A10,30,15,15,0.5,W1,6,12,0.333,8,7,4,8,3,0,0,2,0,0,0.0,0.0,2040,2098,68.0,69.93333333333334,711,1718,0.414,240,714,0.336,378,568,0.665,-0.81,99.6,226.0,100.4,129.0,69.1,131.0,0.057,43.0,1.36,121.0,-3.54,284.0,102.8,136.0,101.5,109.0
,,245.0,338,Fordham,A10,31,9,22,0.29,W1,2,16,0.111,6,12,1,8,2,2,0,1,0,0,0.0,0.0,1816,1913,58.58064516129032,61.70967741935484,646,1683,0.384,223,702,0.318,301,455,0.662,-6.79,89.1,347.0,95.9,64.0,64.8,328.0,-0.1,340.0,-2.59,219.0,-13.52,353.0,101.2,225.0,103.8,208.0
11.0,11.0,5.0,27,Duke,ACC,31,25,6,0.8059999999999999,W2,15,5,0.75,15,2,7,4,3,0,3,1,0,0,0.0,0.0,2558,2107,82.51612903225806,67.96774193548387,920,1957,0.47,217,617,0.35200000000000004,501,696,0.72,24.62,115.7,9.0,91.1,12.0,72.0,34.0,-0.009000000000000001,209.0,7.28,54.0,2.6,85.0,106.0,53.0,98.7,58.0
,,50.0,104,NC State,ACC,32,20,12,0.625,W2,10,10,0.5,14,4,5,7,1,1,1,5,0,0,0.0,0.0,2388,2231,74.625,69.71875,885,1958,0.452,222,697,0.319,396,558,0.71,13.39,110.7,42.0,97.3,79.0,69.5,103.0,-0.02,236.0,7.04,59.0,-2.93,271.0,105.4,73.0,98.3,50.0
,,84.0,281,North Carolina,ACC,33,14,19,0.424,L1,6,14,0.3,7,8,3,9,4,2,1,7,0,0,0.0,0.0,2383,2403,72.21212121212122,72.81818181818181,865,2058,0.42,181,595,0.304,470,689,0.682,9.36,107.7,77.0,98.4,94.0,70.4,67.0,-0.05,304.0,10.39,24.0,7.39,21.0,107.9,17.0,97.5,33.0
,,51.0,155,Syracuse,ACC,32,18,14,0.563,W1,10,10,0.5,11,7,6,5,1,2,1,4,0,0,0.0,0.0,2378,2216,74.3125,69.25,813,1865,0.436,259,786,0.33,493,666,0.74,13.28,112.8,21.0,99.6,116.0,68.3,179.0,-0.06,315.0,6.7,61.0,-1.28,224.0,105.6,65.0,98.9,64.0
,,57.0,196,Notre Dame,ACC,32,20,12,0.625,W2,10,10,0.5,15,4,4,7,1,1,0,6,0,0,0.0,0.0,2376,2197,74.25,68.65625,850,1993,0.426,310,899,0.345,366,498,0.735,12.09,110.7,41.0,98.6,100.0,68.1,190.0,-0.021,239.0,5.02,78.0,-8.69,348.0,104.9,85.0,99.9,84.0
4.0,4.0,15.0,193,Florida State,ACC,31,26,5,0.8390000000000001,W2,16,4,0.8,16,0,7,5,3,0,4,1,0,0,0.0,0.0,2336,2037,75.35483870967742,65.70967741935483,844,1848,0.457,230,655,0.35100000000000003,418,557,0.75,20.22,111.7,32.0,91.5,15.0,69.9,89.0,0.065,37.0,7.96,48.0,1.22,140.0,106.3,44.0,98.4,53.0
14.0,14.0,9.0,134,Louisville,ACC,31,24,7,0.774,L1,15,5,0.75,17,1,6,5,1,1,2,4,0,0,0.0,0.0,2296,1974,74.06451612903227,63.67741935483871,810,1787,0.453,255,679,0.376,421,576,0.731,21.36,114.5,12.0,93.1,30.0,67.1,242.0,-0.003,193.0,7.1,58.0,-1.09,216.0,105.3,75.0,98.2,48.0
,,103.0,247,Wake Forest,ACC,31,13,18,0.419,L3,6,14,0.3,9,5,1,11,3,2,2,4,0,0,0.0,0.0,2276,2321,73.41935483870971,74.87096774193549,765,1769,0.4320000000000001,204,582,0.35100000000000003,542,726,0.747,6.7,108.7,61.0,102.0,166.0,70.1,79.0,-0.034,271.0,8.52,38.0,0.91,153.0,106.0,55.0,97.4,31.0
,,104.0,256,Miami,ACC,31,15,16,0.484,L1,7,13,0.35,9,5,4,8,2,3,0,7,0,0,0.0,0.0,2207,2270,71.19354838709677,73.2258064516129,796,1855,0.429,219,690,0.317,396,522,0.759,6.39,107.7,79.0,101.3,149.0,68.3,180.0,0.034,92.0,9.57,33.0,1.07,145.0,106.3,43.0,96.8,16.0
,,105.0,182,Virginia Tech,ACC,32,16,16,0.5,L2,7,13,0.35,12,6,3,7,1,3,1,5,0,0,0.0,0.0,2194,2128,68.5625,66.5,787,1877,0.419,315,896,0.35200000000000004,305,429,0.711,6.33,104.3,147.0,98.0,82.0,65.5,309.0,-0.04,283.0,6.34,67.0,-9.83,351.0,105.3,74.0,99.0,68.0
,,111.0,274,Pittsburgh,ACC,33,16,17,0.485,L1,6,14,0.3,11,7,2,9,3,1,0,4,0,0,0.0,0.0,2152,2169,65.21212121212122,65.72727272727273,755,1867,0.404,175,592,0.29600000000000004,467,655,0.713,5.65,104.0,154.0,98.3,91.0,65.5,308.0,0.001,182.0,7.32,53.0,-4.01,300.0,105.4,71.0,98.1,44.0
,,64.0,263,Georgia Tech,ACC,31,17,14,0.5479999999999999,W4,11,9,0.55,10,6,5,7,2,1,1,4,0,0,0.0,0.0,2126,2059,68.58064516129032,66.41935483870968,781,1727,0.452,161,516,0.312,403,595,0.677,11.26,103.1,171.0,91.8,16.0,70.0,88.0,-0.006,200.0,9.42,34.0,4.04,58.0,107.0,31.0,97.6,34.0
,,179.0,305,Boston College,ACC,32,13,19,0.406,L6,7,13,0.35,8,10,4,8,1,1,1,4,0,0,0.0,0.0,2067,2260,64.59375,70.625,742,1844,0.402,230,747,0.308,353,536,0.659,-0.68,99.6,228.0,100.3,128.0,69.3,120.0,0.065,38.0,8.02,47.0,-1.74,237.0,106.0,56.0,97.9,40.0
,,72.0,299,Clemson,ACC,31,16,15,0.516,W1,9,11,0.45,11,6,3,8,2,1,3,3,0,0,0.0,0.0,2062,1988,66.51612903225806,64.12903225806451,735,1717,0.428,251,797,0.315,341,497,0.6859999999999999,10.42,103.9,155.0,93.5,33.0,66.0,290.0,-0.043,289.0,8.15,44.0,-1.7,235.0,106.3,45.0,98.1,46.0
16.0,16.0,42.0,349,Virginia,ACC,30,23,7,0.767,W8,15,5,0.75,14,3,7,4,2,0,4,2,0,0,0.0,0.0,1711,1571,57.03333333333333,52.36666666666667,626,1515,0.413,170,560,0.304,289,403,0.7170000000000001,14.22,99.3,234.0,85.1,1.0,59.4,353.0,0.109,6.0,6.93,60.0,-3.7,292.0,105.6,63.0,98.7,57.0
,,166.0,11,North Florida,ASun,33,21,12,0.636,L1,13,3,0.813,13,2,7,9,1,1,0,3,0,0,0.0,0.0,2583,2416,78.27272727272727,73.21212121212122,889,1974,0.45,391,1031,0.379,414,543,0.762,0.37,112.0,31.0,111.6,324.0,69.4,111.0,0.034,93.0,-4.23,245.0,6.98,22.0,99.8,277.0,104.1,228.0
,,247.0,139,Lipscomb,ASun,32,16,16,0.5,L1,9,7,0.563,9,5,7,11,0,0,0,2,0,0,0.0,0.0,2255,2261,70.46875,70.65625,834,1849,0.451,218,640,0.341,369,533,0.6920000000000001,-6.86,101.2,201.0,108.0,292.0,68.7,153.0,0.053,48.0,-3.92,240.0,2.56,87.0,99.9,270.0,103.8,213.0
,,79.0,198,Liberty,ASun,33,30,4,0.882,W3,13,3,0.813,17,0,7,4,6,0,0,0,0,0,0.0,0.0,2332,1830,68.58823529411765,53.82352941176471,807,1704,0.474,254,699,0.363,384,539,0.7120000000000001,9.68,106.1,107.0,96.4,69.0,61.5,352.0,0.023,119.0,-9.0,345.0,-5.13,322.0,98.3,331.0,107.3,347.0
,,240.0,177,Jacksonville,ASun,32,14,18,0.438,L1,7,9,0.438,6,7,7,9,1,2,0,1,0,0,0.0,0.0,2139,2133,66.84375,66.65625,778,1813,0.429,205,643,0.319,378,564,0.67,-6.52,96.0,290.0,102.5,183.0,66.6,262.0,-0.07200000000000001,322.0,-5.52,285.0,-2.41,253.0,99.7,282.0,105.2,280.0
,,288.0,207,Stetson,ASun,33,16,17,0.485,L1,9,7,0.563,8,7,7,9,1,1,0,1,0,0,0.0,0.0,2103,2167,63.72727272727273,65.66666666666667,747,1679,0.445,180,545,0.33,429,644,0.6659999999999999,-10.22,98.1,255.0,108.3,299.0,63.2,344.0,0.083,14.0,-5.43,279.0,-2.55,257.0,99.4,299.0,104.8,262.0
,,284.0,202,North Alabama,ASun,30,13,17,0.433,L1,8,8,0.5,9,4,4,13,0,0,0,1,0,0,0.0,0.0,2062,2092,68.73333333333333,69.73333333333333,709,1666,0.426,208,612,0.34,436,633,0.6890000000000001,-9.57,96.0,289.0,105.6,248.0,70.1,83.0,-0.011,216.0,-5.38,275.0,0.59,161.0,99.5,296.0,104.9,266.0
,,310.0,245,Florida Gulf Coast,ASun,32,10,22,0.313,L2,7,9,0.438,6,10,4,12,0,0,0,1,0,0,0.0,0.0,1979,2122,61.84375,66.3125,731,1782,0.41,233,741,0.314,284,412,0.6890000000000001,-12.02,91.2,340.0,103.3,194.0,66.1,286.0,-0.032,266.0,-3.89,238.0,1.03,147.0,100.2,256.0,104.1,225.0
,,296.0,303,NJIT,ASun,30,9,21,0.3,L1,6,10,0.375,5,7,4,14,0,0,0,0,0,0,0.0,0.0,1904,2030,63.46666666666667,67.66666666666667,688,1709,0.403,172,569,0.302,356,523,0.6809999999999999,-11.07,94.7,307.0,105.8,255.0,66.9,249.0,-0.079,329.0,-4.0,242.0,0.65,158.0,100.5,249.0,104.5,252.0
,,352.0,337,Kennesaw State,ASun,29,1,28,0.034,L20,0,16,0.0,1,10,0,16,0,2,0,1,0,0,0.0,0.0,1602,2181,55.24137931034482,75.20689655172414,560,1580,0.354,121,488,0.248,361,513,0.7040000000000001,-28.71,83.5,351.0,112.2,329.0,68.2,186.0,-0.042,287.0,-1.74,195.0,4.1,56.0,102.0,187.0,103.7,204.0
1.0,1.0,1.0,169,Kansas,B12,31,28,3,0.903,W16,17,1,0.944,14,1,10,0,4,2,4,3,0,0,0.0,0.0,2312,1882,74.58064516129029,60.70967741935484,851,1758,0.484,199,578,0.344,411,616,0.667,30.23,115.8,8.0,85.5,2.0,67.3,233.0,0.04,79.0,12.66,2.0,9.58,10.0,107.4,26.0,94.7,1.0
,,89.0,180,Iowa State,B12,32,12,20,0.375,L4,5,13,0.278,11,6,0,11,1,3,1,8,0,0,0.0,0.0,2304,2335,72.0,72.96875,836,1905,0.439,227,718,0.316,405,543,0.746,8.35,109.6,48.0,101.2,147.0,69.9,90.0,-0.092,337.0,11.89,9.0,2.61,84.0,107.0,30.0,95.2,2.0
,,21.0,242,Texas Tech,B12,31,18,13,0.581,L4,9,9,0.5,13,4,3,7,2,2,2,6,0,0,0.0,0.0,2230,1969,71.93548387096773,63.516129032258064,779,1724,0.452,224,631,0.355,448,594,0.754,19.28,109.8,47.0,90.5,9.0,67.3,236.0,-0.113,346.0,8.74,37.0,-3.87,296.0,106.0,51.0,97.3,24.0
24.0,24.0,10.0,232,West Virginia,B12,31,21,10,0.677,W2,9,9,0.5,14,2,3,8,4,0,3,3,0,0,0.0,0.0,2179,1935,70.29032258064517,62.41935483870968,774,1833,0.422,155,542,0.28600000000000003,476,742,0.642,21.26,108.3,67.0,87.1,3.0,69.4,112.0,-0.028,260.0,11.28,15.0,5.8,32.0,107.2,27.0,95.9,8.0
,,36.0,251,Oklahoma,B12,31,19,12,0.613,W1,9,9,0.5,12,3,4,8,3,1,3,4,0,0,0.0,0.0,2177,2089,70.2258064516129,67.38709677419354,760,1808,0.42,224,704,0.318,433,565,0.7659999999999999,15.7,108.8,58.0,93.1,29.0,69.6,98.0,0.031,103.0,12.22,5.0,5.86,30.0,107.5,24.0,95.3,3.0
,,53.0,313,Oklahoma State,B12,32,18,14,0.563,W4,7,11,0.389,10,6,5,7,3,1,1,7,0,0,0.0,0.0,2163,2115,67.59375,66.09375,757,1783,0.425,189,600,0.315,460,627,0.7340000000000001,12.73,107.2,84.0,94.5,46.0,68.4,173.0,0.034,96.0,11.31,14.0,4.17,53.0,107.1,28.0,95.8,5.0
5.0,5.0,3.0,298,Baylor,B12,30,26,4,0.867,L1,15,3,0.833,14,1,9,2,3,1,6,1,0,0,0.0,0.0,2134,1804,71.13333333333334,60.13333333333333,763,1778,0.429,230,656,0.35100000000000003,378,548,0.69,25.49,113.5,17.0,88.1,4.0,66.2,277.0,0.016,144.0,10.2,27.0,1.38,132.0,106.4,39.0,96.2,11.0
,,86.0,291,TCU,B12,32,16,16,0.5,L3,7,11,0.389,14,5,1,9,1,2,3,5,0,0,0.0,0.0,2093,2079,65.40625,64.96875,758,1798,0.422,274,779,0.35200000000000004,303,476,0.637,9.31,105.5,119.0,96.1,66.0,65.1,318.0,-0.005,199.0,9.71,32.0,-1.05,214.0,105.6,64.0,95.9,6.0
,,90.0,323,Kansas State,B12,32,11,21,0.344,W2,3,15,0.16699999999999998,9,7,1,10,1,4,1,6,0,0,0.0,0.0,2054,2079,64.1875,64.96875,721,1742,0.414,213,681,0.313,399,604,0.6609999999999999,8.25,102.5,177.0,94.2,40.0,67.2,239.0,-0.129,348.0,10.83,19.0,1.48,127.0,106.4,40.0,95.5,4.0
,,61.0,320,Texas,B12,31,19,12,0.613,L1,9,9,0.5,11,6,6,5,2,1,3,5,0,0,0.0,0.0,1989,1962,64.16129032258064,63.29032258064516,740,1730,0.428,248,742,0.334,261,381,0.685,11.46,104.1,153.0,92.6,24.0,65.9,292.0,0.08900000000000001,12.0,10.04,29.0,-0.3,187.0,106.9,35.0,96.8,17.0
7.0,7.0,12.0,38,Creighton,BE,31,24,7,0.774,W2,13,5,0.722,17,1,6,5,1,1,6,2,0,0,0.0,0.0,2428,2162,78.3225806451613,69.74193548387096,866,1839,0.471,302,783,0.386,394,533,0.7390000000000001,20.93,118.2,3.0,97.3,78.0,68.3,178.0,0.07200000000000001,23.0,10.72,21.0,2.69,81.0,107.9,18.0,97.2,22.0
,,67.0,35,Georgetown,BE,32,15,17,0.469,L7,5,13,0.278,10,8,4,7,1,2,3,6,0,0,0.0,0.0,2389,2364,74.65625,73.875,840,1921,0.4370000000000001,206,595,0.34600000000000003,503,652,0.7709999999999999,10.82,111.0,36.0,100.2,125.0,70.0,87.0,-0.049,302.0,10.86,18.0,1.5,126.0,108.1,14.0,97.2,23.0
,,66.0,59,St. John's,BE,32,17,15,0.531,W2,5,13,0.278,13,6,1,8,3,1,2,6,0,0,0.0,0.0,2387,2290,74.59375,71.5625,865,2114,0.409,212,661,0.321,445,633,0.703,10.92,106.1,104.0,95.2,53.0,72.9,21.0,-0.037000000000000005,278.0,8.27,40.0,-5.52,328.0,106.3,46.0,98.0,42.0
,,31.0,33,Marquette,BE,30,18,12,0.6,L3,8,10,0.444,13,3,3,8,2,1,2,5,0,0,0.0,0.0,2333,2149,77.76666666666667,71.63333333333334,759,1764,0.43,301,787,0.382,514,692,0.743,17.19,114.0,14.0,96.9,73.0,70.7,60.0,-0.046,293.0,10.78,20.0,2.13,100.0,107.6,21.0,96.9,18.0
10.0,10.0,18.0,208,Villanova,BE,31,24,7,0.774,W2,13,5,0.722,11,3,9,3,4,1,4,4,0,0,0.0,0.0,2269,2058,73.19354838709677,66.38709677419354,797,1806,0.441,307,854,0.359,368,485,0.759,19.98,113.9,15.0,94.0,36.0,66.2,275.0,0.08199999999999999,16.0,10.88,17.0,4.22,51.0,108.2,10.0,97.3,25.0
,,94.0,126,DePaul,BE,32,16,16,0.5,W1,3,15,0.16699999999999998,11,7,4,9,1,0,1,4,0,0,0.0,0.0,2262,2274,70.6875,71.0625,832,1906,0.4370000000000001,181,579,0.313,417,634,0.6579999999999999,7.9,103.4,165.0,95.5,56.0,70.6,63.0,0.022,126.0,10.11,28.0,-2.38,252.0,108.1,12.0,98.0,41.0
,,45.0,195,Xavier,BE,32,19,13,0.594,L3,8,10,0.444,12,5,5,6,2,2,1,3,0,0,0.0,0.0,2261,2162,70.65625,67.5625,833,1912,0.436,207,664,0.312,388,590,0.6579999999999999,13.9,106.1,103.0,92.2,20.0,68.1,191.0,-0.013,222.0,9.93,30.0,1.74,112.0,108.3,9.0,98.4,52.0
15.0,15.0,20.0,117,Seton Hall,BE,30,21,9,0.7,L2,13,5,0.722,11,4,8,4,2,1,4,5,0,0,0.0,0.0,2241,2037,74.7,67.9,783,1754,0.446,238,711,0.335,437,611,0.715,19.54,112.3,29.0,92.7,25.0,69.8,93.0,0.006,169.0,11.48,12.0,4.86,41.0,108.4,7.0,96.9,19.0
,,40.0,125,Providence,BE,31,19,12,0.613,W6,12,6,0.667,13,3,5,6,1,3,5,4,0,0,0.0,0.0,2214,2051,71.41935483870971,66.16129032258064,764,1852,0.413,225,678,0.332,461,664,0.6940000000000001,15.0,107.8,75.0,92.8,27.0,68.4,171.0,-0.008,205.0,8.85,35.0,-1.12,217.0,106.7,37.0,97.8,37.0
23.0,23.0,25.0,167,Butler,BE,31,22,9,0.71,W3,10,8,0.556,14,3,5,6,3,0,1,5,0,0,0.0,0.0,2125,1926,68.54838709677419,62.12903225806453,776,1687,0.46,212,621,0.341,361,496,0.728,18.39,112.6,25.0,94.2,42.0,63.7,341.0,0.032,101.0,10.22,26.0,1.07,144.0,107.6,22.0,97.4,28.0
,,173.0,17,Portland State,BSky,32,18,14,0.563,W6,12,8,0.6,11,3,6,11,1,0,0,0,0,0,0.0,0.0,2518,2412,78.6875,75.375,927,2070,0.448,208,626,0.332,456,634,0.7190000000000001,-0.03,108.8,57.0,108.8,306.0,71.8,40.0,-0.0,183.0,-1.81,197.0,0.3,169.0,101.5,217.0,103.3,184.0
,,124.0,138,Eastern Washington,BSky,31,23,8,0.742,W7,16,4,0.8,13,2,10,6,0,0,0,2,0,0,0.0,0.0,2509,2257,80.93548387096773,72.80645161290323,913,1986,0.46,288,826,0.349,395,569,0.6940000000000001,4.32,105.4,120.0,101.1,142.0,73.1,18.0,0.121,4.0,-1.53,190.0,3.14,71.0,102.0,185.0,103.5,197.0
,,161.0,278,Southern Utah,BSky,32,17,15,0.531,W2,9,11,0.45,9,5,6,10,2,0,0,0,0,0,0.0,0.0,2329,2122,72.78125,66.3125,834,1843,0.453,195,589,0.331,466,651,0.716,0.7,98.8,240.0,98.1,86.0,69.3,118.0,-0.063,317.0,-1.85,200.0,2.51,91.0,101.9,189.0,103.8,206.0
,,75.0,293,Northern Colorado,BSky,31,22,9,0.71,W2,15,5,0.75,11,3,9,5,2,1,0,0,0,0,0.0,0.0,2303,1945,74.29032258064517,62.74193548387096,837,1790,0.468,317,826,0.384,312,468,0.667,10.12,110.2,45.0,100.1,122.0,65.0,320.0,-0.035,274.0,-2.29,213.0,1.74,113.0,101.1,229.0,103.4,193.0
,,273.0,218,Weber State,BSky,32,12,20,0.375,L2,8,12,0.4,8,6,4,9,0,5,0,1,0,0,0.0,0.0,2225,2280,69.53125,71.25,821,1814,0.453,213,661,0.322,370,510,0.725,-9.09,98.8,241.0,107.9,291.0,67.6,216.0,0.015,145.0,0.04,145.0,5.18,36.0,102.3,162.0,102.2,134.0
,,137.0,304,Montana,BSky,30,18,13,0.581,L2,14,6,0.7,12,3,6,10,0,0,0,2,0,0,0.0,0.0,2195,2122,70.80645161290323,68.45161290322581,814,1717,0.474,172,472,0.364,331,459,0.721,3.08,103.2,169.0,100.1,123.0,68.2,185.0,0.019,137.0,-1.01,176.0,5.25,35.0,102.1,177.0,103.1,174.0
,,215.0,326,Northern Arizona,BSky,30,16,14,0.5329999999999999,L3,10,10,0.5,10,5,6,8,0,1,0,1,0,0,0.0,0.0,2128,2081,70.93333333333334,69.36666666666666,770,1729,0.445,216,600,0.36,372,531,0.701,-4.35,102.3,179.0,106.7,269.0,66.6,265.0,0.071,25.0,-2.0,202.0,0.29,172.0,101.9,191.0,103.9,216.0
,,323.0,325,Idaho,BSky,32,8,24,0.25,L1,4,16,0.2,5,10,2,12,1,2,0,0,0,0,0.0,0.0,2086,2329,65.1875,72.78125,784,1780,0.44,156,463,0.337,362,536,0.675,-14.29,92.8,332.0,107.1,277.0,68.9,140.0,-0.023,244.0,-1.35,185.0,-1.61,231.0,102.2,172.0,103.6,201.0
,,222.0,265,Montana State,BSky,31,16,15,0.516,L1,10,10,0.5,9,5,5,10,2,0,0,1,0,0,0.0,0.0,2066,2076,66.64516129032258,66.96774193548387,721,1622,0.445,175,532,0.329,449,606,0.741,-4.6,97.0,270.0,101.6,159.0,67.3,234.0,0.056,45.0,-1.39,189.0,0.73,154.0,102.4,157.0,103.8,210.0
,,291.0,334,Idaho State,BSky,29,8,22,0.267,W1,4,16,0.2,4,9,3,13,1,0,0,0,0,0,0.0,0.0,2091,2198,69.7,73.26666666666667,728,1606,0.453,183,532,0.344,374,566,0.6609999999999999,-10.37,100.8,206.0,111.1,321.0,67.4,230.0,0.008,165.0,-0.26,153.0,4.22,52.0,102.4,156.0,102.7,159.0
,,183.0,341,Sacramento State,BSky,30,16,14,0.5329999999999999,W1,8,12,0.4,10,4,4,10,2,0,0,1,0,0,0.0,0.0,1895,1791,63.16666666666666,59.7,685,1650,0.415,151,469,0.322,374,520,0.7190000000000001,-1.1,97.1,268.0,98.2,87.0,63.9,340.0,-0.026,252.0,-2.36,214.0,-0.32,189.0,101.7,201.0,104.1,230.0
,,140.0,10,Winthrop,BSth,34,24,10,0.706,W5,15,3,0.833,12,4,10,6,2,0,1,1,0,0,0.0,0.0,2765,2431,81.32352941176471,71.5,980,2120,0.462,322,931,0.34600000000000003,483,760,0.636,2.65,104.7,136.0,102.1,169.0,71.9,36.0,-0.044,292.0,-8.04,336.0,3.54,65.0,99.9,274.0,107.9,351.0
,,308.0,71,Hampton,BSth,34,15,19,0.441,L1,8,10,0.444,11,5,3,14,1,0,0,0,0,0,0.0,0.0,2635,2693,77.5,79.20588235294117,924,2025,0.456,213,641,0.332,574,821,0.6990000000000001,-11.95,104.8,135.0,116.7,345.0,70.9,56.0,0.041,76.0,-5.58,286.0,1.66,116.0,99.8,276.0,105.4,288.0
,,302.0,144,UNC Asheville,BSth,31,15,16,0.484,L1,8,10,0.444,10,5,5,10,0,1,0,0,0,0,0.0,0.0,2326,2318,75.03225806451613,74.7741935483871,837,1824,0.459,243,702,0.34600000000000003,409,620,0.66,-11.61,98.7,243.0,110.3,318.0,71.0,51.0,0.017,142.0,-9.29,347.0,-3.42,283.0,99.5,295.0,108.8,353.0
,,218.0,289,Gardner-Webb,BSth,32,16,16,0.5,L1,11,7,0.611,7,5,6,10,3,1,0,1,0,0,0.0,0.0,2318,2272,72.4375,71.0,810,1809,0.448,254,706,0.36,444,640,0.6940000000000001,-4.48,102.2,181.0,106.7,270.0,66.2,279.0,-0.047,294.0,-5.61,288.0,6.08,29.0,101.1,227.0,106.7,340.0
,,186.0,237,Radford,BSth,32,21,11,0.6559999999999999,L1,15,3,0.833,11,4,9,6,1,1,0,0,0,0,0.0,0.0,2302,2115,71.9375,66.09375,841,1813,0.464,251,707,0.355,369,575,0.642,-1.17,105.6,118.0,106.8,272.0,64.3,336.0,0.026,112.0,-5.96,293.0,7.52,19.0,100.9,238.0,106.8,343.0
,,325.0,192,South Carolina Upstate,BSth,33,13,20,0.394,L1,7,11,0.389,9,6,4,13,0,1,0,1,0,0,0.0,0.0,2286,2460,69.27272727272727,74.54545454545455,811,1911,0.424,224,697,0.321,440,641,0.6859999999999999,-15.34,95.5,295.0,110.8,320.0,69.2,128.0,0.036000000000000004,88.0,-6.31,306.0,1.57,123.0,100.4,253.0,106.7,339.0
,,318.0,234,Charleston Southern,BSth,32,14,18,0.438,L1,7,11,0.389,8,6,5,11,1,1,0,1,0,0,0.0,0.0,2203,2304,68.84375,72.0,792,1856,0.4270000000000001,258,795,0.325,361,487,0.741,-13.61,95.4,296.0,109.1,308.0,66.9,250.0,0.033,98.0,-7.88,331.0,0.67,157.0,99.6,291.0,107.5,348.0
,,335.0,224,Presbyterian,BSth,32,10,22,0.313,L1,7,11,0.389,7,6,3,14,0,2,0,1,0,0,0.0,0.0,2155,2346,67.34375,73.3125,768,1707,0.45,197,611,0.322,422,592,0.713,-17.47,96.9,272.0,114.4,341.0,66.9,253.0,0.005,171.0,-6.95,321.0,-2.03,244.0,99.5,294.0,106.4,329.0
,,319.0,199,Longwood,BSth,32,14,18,0.438,L1,9,9,0.5,8,6,6,11,0,1,0,0,0,0,0.0,0.0,2148,2195,67.125,68.59375,720,1781,0.404,293,857,0.342,415,592,0.701,-13.82,91.3,339.0,105.1,234.0,67.8,207.0,-0.001,185.0,-9.51,348.0,-6.18,338.0,98.4,327.0,107.9,352.0
,,262.0,151,Campbell,BSth,31,15,16,0.484,L1,6,12,0.333,8,5,6,10,1,1,0,0,0,0,0.0,0.0,2130,2065,68.70967741935483,66.61290322580646,781,1700,0.459,247,706,0.35,321,439,0.731,-8.5,96.8,275.0,105.3,239.0,65.6,306.0,-0.047,300.0,-8.04,335.0,-4.59,313.0,99.6,293.0,107.6,349.0
,,341.0,253,High Point,BSth,32,9,23,0.281,L4,6,12,0.333,6,9,3,14,0,0,0,0,0,0,0.0,0.0,2110,2396,65.9375,74.875,711,1751,0.406,198,619,0.32,490,701,0.6990000000000001,-19.07,94.5,310.0,113.6,338.0,66.4,271.0,0.035,91.0,-5.06,266.0,3.44,68.0,101.0,232.0,106.1,317.0
25.0,25.0,23.0,50,Iowa,B10,31,20,11,0.645,L2,11,9,0.55,14,2,4,8,2,1,7,5,0,0,0.0,0.0,2410,2241,77.74193548387096,72.29032258064517,842,1868,0.451,244,703,0.34700000000000003,482,643,0.75,18.65,117.3,5.0,98.6,97.0,70.2,77.0,0.005,172.0,12.28,4.0,2.4,93.0,108.6,3.0,96.3,13.0
9.0,9.0,7.0,78,Michigan State,B10,31,22,9,0.71,W5,14,6,0.7,12,3,7,4,3,2,7,4,0,0,0.0,0.0,2353,2007,75.90322580645163,64.74193548387096,845,1833,0.461,239,687,0.348,424,565,0.75,24.03,115.2,10.0,91.2,13.0,69.1,130.0,-0.012,217.0,12.04,7.0,1.83,109.0,108.6,5.0,96.5,14.0
,,26.0,77,Penn State,B10,31,21,10,0.677,L3,11,9,0.55,15,3,5,6,1,1,4,3,0,0,0.0,0.0,2327,2114,75.06451612903227,68.19354838709678,832,1931,0.431,249,765,0.325,414,598,0.6920000000000001,17.91,110.3,43.0,92.4,23.0,70.9,54.0,0.014,149.0,10.72,22.0,-4.2,304.0,108.1,11.0,97.4,29.0
,,16.0,160,Michigan,B10,31,19,12,0.613,L1,10,10,0.5,11,5,4,7,4,0,4,6,0,0,0.0,0.0,2326,2116,75.03225806451613,68.25806451612904,861,1864,0.462,247,729,0.339,357,498,0.7170000000000001,20.12,113.2,20.0,93.0,28.0,68.7,150.0,-0.048,301.0,12.79,1.0,2.0,105.0,110.2,1.0,97.4,27.0
,,34.0,132,Indiana,B10,32,20,12,0.625,W1,9,11,0.45,15,4,2,8,3,0,5,4,0,0,0.0,0.0,2286,2135,71.4375,66.71875,812,1825,0.445,176,540,0.326,486,716,0.679,15.73,108.5,65.0,92.7,26.0,67.9,206.0,0.016,143.0,10.71,23.0,-0.6,198.0,108.3,8.0,97.6,35.0
21.0,21.0,30.0,107,Illinois,B10,31,21,10,0.677,W1,13,7,0.65,15,3,6,6,0,1,3,6,0,0,0.0,0.0,2239,2024,72.2258064516129,65.29032258064517,811,1831,0.443,175,566,0.309,442,607,0.728,17.23,110.9,38.0,93.7,35.0,66.0,288.0,0.022,123.0,10.38,25.0,-5.83,333.0,107.7,20.0,97.3,26.0
,,162.0,176,Nebraska,B10,32,7,25,0.219,L17,2,18,0.1,5,11,0,12,2,2,0,7,0,0,0.0,0.0,2235,2499,69.84375,78.09375,815,2011,0.405,253,796,0.318,352,584,0.603,0.64,102.0,190.0,101.3,152.0,73.1,16.0,-0.047,299.0,11.96,8.0,-1.05,215.0,108.1,13.0,96.1,9.0
19.0,19.0,8.0,163,Ohio State,B10,31,21,10,0.677,L1,11,9,0.55,16,2,4,7,1,1,6,4,0,0,0.0,0.0,2234,1951,72.06451612903227,62.935483870967744,753,1690,0.446,261,700,0.373,467,621,0.752,22.23,114.3,13.0,92.0,19.0,66.2,280.0,-0.038,280.0,11.1,16.0,-1.31,225.0,108.0,15.0,96.9,20.0
12.0,12.0,11.0,194,Maryland,B10,31,24,7,0.774,W1,14,6,0.7,16,1,5,6,3,0,4,2,0,0,0.0,0.0,2226,1999,71.80645161290323,64.48387096774194,744,1774,0.419,238,765,0.311,500,669,0.747,21.12,113.5,18.0,92.4,22.0,67.0,245.0,0.037000000000000005,87.0,11.35,13.0,-0.44,192.0,107.9,16.0,96.6,15.0
,,,181,Minnesota,,31,15,16,0.484,W2,8,12,0.4,11,5,2,10,2,1,2,6,0,0,0.0,0.0,2205,2055,71.12903225806451,66.29032258064517,796,1871,0.425,257,762,0.337,356,515,0.691,,,,,,,,,,,,,,,,,
,,28.0,197,Rutgers,B10,31,20,11,0.645,W2,11,9,0.55,18,1,2,8,0,2,4,4,0,0,0.0,0.0,2168,1942,69.93548387096774,62.645161290322584,825,1847,0.447,172,554,0.31,346,537,0.644,17.72,107.9,72.0,90.2,6.0,67.4,231.0,-0.042,286.0,9.88,31.0,-4.44,309.0,107.4,25.0,97.5,32.0
,,24.0,203,Purdue,B10,31,16,15,0.516,L1,9,11,0.45,11,5,4,8,1,2,5,6,0,0,0.0,0.0,2114,1942,68.19354838709678,62.645161290322584,780,1867,0.418,223,675,0.33,331,482,0.687,18.57,109.3,50.0,90.8,11.0,64.6,333.0,-0.104,342.0,12.19,6.0,2.78,77.0,108.4,6.0,96.3,12.0
17.0,17.0,22.0,222,Wisconsin,B10,31,21,10,0.677,W8,14,6,0.7,15,1,6,6,0,3,5,3,0,0,0.0,0.0,2082,1927,67.16129032258064,62.161290322580655,730,1718,0.425,269,764,0.35200000000000004,353,462,0.764,18.95,110.8,40.0,91.9,17.0,63.7,342.0,0.031,102.0,11.74,10.0,1.61,120.0,108.7,2.0,96.9,21.0
,,132.0,317,Northwestern,B10,31,8,23,0.258,L1,3,17,0.15,5,11,2,10,1,2,1,7,0,0,0.0,0.0,2012,2172,64.90322580645162,70.06451612903226,743,1785,0.416,189,605,0.312,337,461,0.731,3.61,104.9,131.0,101.3,150.0,66.7,259.0,-0.087,334.0,11.64,11.0,-2.56,258.0,107.5,23.0,95.9,7.0
,,233.0,29,CSU Northridge,BW,32,15,17,0.469,W4,10,6,0.625,10,4,5,12,0,1,0,1,0,0,0.0,0.0,2435,2528,76.09375,79.0,877,1925,0.456,243,652,0.373,438,603,0.726,-5.86,107.4,82.0,113.3,336.0,70.3,74.0,0.071,26.0,-0.7,168.0,4.63,46.0,102.5,150.0,103.2,178.0
,,106.0,85,UC Irvine,BW,32,21,11,0.6559999999999999,L1,13,3,0.813,11,2,8,7,2,2,0,1,0,0,0.0,0.0,2367,2087,73.96875,65.21875,888,1878,0.473,198,559,0.354,393,532,0.7390000000000001,6.11,105.4,121.0,99.3,109.0,67.7,212.0,-0.064,319.0,-2.29,212.0,2.91,75.0,101.1,230.0,103.4,192.0
,,225.0,114,UC Davis,BW,32,14,18,0.438,L2,8,8,0.5,8,4,5,12,1,2,0,0,0,0,0.0,0.0,2330,2286,72.8125,71.4375,816,1769,0.461,259,653,0.397,439,558,0.787,-4.77,104.7,140.0,109.4,311.0,68.0,194.0,-0.024,250.0,-2.55,218.0,0.63,159.0,100.7,241.0,103.2,180.0
,,160.0,183,UC Santa Barbara,BW,31,21,10,0.677,W2,10,6,0.625,13,3,8,7,0,0,0,0,0,0,0.0,0.0,2195,2054,70.80645161290323,66.25806451612904,765,1672,0.458,200,585,0.342,465,615,0.7559999999999999,0.76,106.1,106.0,105.3,242.0,64.5,335.0,0.022,125.0,-4.63,253.0,-2.9,270.0,100.0,266.0,104.7,258.0
,,297.0,124,Long Beach State,BW,32,11,21,0.344,L1,6,10,0.375,8,6,2,13,1,2,0,2,0,0,0.0,0.0,2157,2404,67.40625,75.125,772,1789,0.4320000000000001,187,533,0.35100000000000003,426,609,0.7,-11.08,94.2,320.0,105.3,238.0,70.9,55.0,0.08,17.0,0.81,128.0,7.78,16.0,102.8,141.0,101.9,123.0
,,263.0,255,CSU Fullerton,BW,31,11,20,0.355,W1,6,10,0.375,6,8,4,11,1,1,0,0,0,0,0.0,0.0,2127,2213,68.61290322580646,71.38709677419354,750,1735,0.4320000000000001,194,586,0.331,433,644,0.672,-8.54,95.9,292.0,104.5,218.0,69.3,114.0,0.01,160.0,-1.83,198.0,2.33,95.0,101.5,218.0,103.3,183.0
,,211.0,154,UC Riverside,BW,32,17,15,0.531,W2,7,9,0.438,11,5,6,10,0,0,0,0,0,0,0.0,0.0,2059,1939,64.34375,60.59375,744,1707,0.436,254,722,0.35200000000000004,317,460,0.6890000000000001,-3.97,95.8,294.0,99.8,118.0,63.2,347.0,-0.029,261.0,-4.74,258.0,-3.9,297.0,100.5,251.0,105.2,281.0
,,208.0,272,Hawai'i,BW,30,17,13,0.5670000000000001,L1,8,8,0.5,13,4,3,7,1,2,0,2,0,0,0.0,0.0,2057,2016,68.56666666666666,67.2,731,1715,0.426,215,652,0.33,380,540,0.7040000000000001,-3.34,97.6,261.0,101.0,140.0,68.4,170.0,0.029,106.0,-4.49,251.0,-3.06,275.0,100.9,237.0,105.4,287.0
,,315.0,330,Cal Poly,BW,30,7,23,0.233,L7,4,12,0.25,7,6,0,15,0,2,0,2,0,0,0.0,0.0,2027,2248,67.56666666666666,74.93333333333334,710,1685,0.421,200,573,0.349,407,587,0.693,-13.25,95.2,301.0,108.5,302.0,68.3,175.0,-0.038,279.0,-0.34,156.0,6.25,27.0,103.0,130.0,103.3,186.0
,,108.0,19,Hofstra,CAA,34,26,8,0.765,W4,14,4,0.778,10,4,11,4,5,0,0,0,0,0,0.0,0.0,2596,2326,76.3529411764706,68.41176470588235,895,1991,0.45,282,753,0.375,524,669,0.7829999999999999,6.06,108.7,62.0,102.6,187.0,67.9,202.0,0.064,39.0,-4.37,248.0,-4.39,308.0,101.1,228.0,105.5,295.0
,,180.0,42,Delaware,CAA,33,22,11,0.667,L1,11,7,0.611,11,3,7,6,4,2,0,1,0,0,0.0,0.0,2452,2332,74.3030303030303,70.66666666666667,881,1834,0.48,251,705,0.35600000000000004,439,579,0.758,-0.78,105.6,116.0,106.4,265.0,68.3,182.0,0.07400000000000001,21.0,-4.18,243.0,-5.78,332.0,101.4,222.0,105.6,299.0
,,142.0,88,Northeastern,CAA,33,17,16,0.515,L1,9,9,0.5,7,6,7,7,3,3,0,0,0,0,0.0,0.0,2347,2191,71.12121212121212,66.39393939393939,856,1806,0.474,269,726,0.371,366,461,0.794,2.19,105.4,123.0,103.2,192.0,65.9,291.0,-0.113,345.0,-3.51,233.0,-2.89,269.0,102.0,181.0,105.6,297.0
,,277.0,127,Elon,CAA,34,13,21,0.382,L1,7,11,0.389,8,8,3,12,2,1,0,1,0,0,0.0,0.0,2337,2438,68.73529411764707,71.70588235294117,805,1932,0.417,346,952,0.363,381,518,0.736,-9.35,100.6,208.0,110.0,313.0,66.2,278.0,-0.013,219.0,-2.08,204.0,1.1,143.0,102.2,170.0,104.3,244.0
,,195.0,40,William & Mary,CAA,32,21,11,0.6559999999999999,L1,13,5,0.722,11,2,10,7,0,2,0,0,0,0,0.0,0.0,2288,2208,71.5,69.0,822,1770,0.464,239,690,0.34600000000000003,405,544,0.7440000000000001,-2.17,103.3,167.0,105.5,244.0,67.5,222.0,0.132,3.0,-3.09,226.0,-1.14,218.0,102.2,175.0,105.3,283.0
,,158.0,145,Towson,CAA,32,19,13,0.594,L1,12,6,0.667,9,5,8,4,2,4,0,2,0,0,0.0,0.0,2258,2125,70.5625,66.40625,790,1824,0.433,210,610,0.344,468,607,0.7709999999999999,0.87,105.7,114.0,104.8,226.0,65.1,317.0,0.014,152.0,-2.19,207.0,0.97,151.0,102.5,149.0,104.7,259.0
,,244.0,100,Drexel,CAA,33,14,19,0.424,L1,6,12,0.333,10,5,1,13,3,1,0,0,0,0,0.0,0.0,2254,2323,68.3030303030303,70.39393939393939,821,1860,0.441,241,690,0.349,371,530,0.7,-6.76,100.0,219.0,106.7,271.0,67.3,235.0,0.002,178.0,-2.5,217.0,-1.01,212.0,101.8,196.0,104.3,241.0
,,312.0,87,UNC Wilmington,CAA,32,10,22,0.313,L2,5,13,0.278,8,8,1,12,1,2,0,1,0,0,0.0,0.0,2186,2294,68.3125,71.6875,783,1816,0.431,208,610,0.341,412,581,0.7090000000000001,-12.4,92.1,337.0,104.5,219.0,68.5,165.0,0.019,135.0,-1.37,187.0,1.96,106.0,103.2,120.0,104.5,253.0
,,170.0,136,Charleston,CAA,31,17,14,0.5479999999999999,L1,11,7,0.611,10,5,6,6,1,3,0,0,0,0,0.0,0.0,2176,2109,70.19354838709678,68.03225806451613,755,1717,0.44,237,683,0.34700000000000003,429,564,0.7609999999999999,0.08,105.0,129.0,104.9,229.0,65.9,295.0,-0.004,196.0,-1.32,184.0,3.69,62.0,102.8,135.0,104.2,233.0
,,311.0,146,James Madison,CAA,30,9,21,0.3,L8,2,16,0.111,6,9,3,11,0,1,0,1,0,0,0.0,0.0,2157,2296,71.9,76.53333333333333,750,1787,0.42,231,721,0.32,426,652,0.653,-12.11,99.5,230.0,111.6,323.0,72.1,32.0,-0.016,230.0,-3.35,232.0,-3.99,299.0,100.8,239.0,104.1,231.0
,,210.0,30,UTSA,CUSA,32,13,19,0.406,L3,7,11,0.389,10,5,3,9,0,5,0,1,0,0,0.0,0.0,2461,2465,76.90625,77.03125,866,2076,0.417,308,881,0.35,421,552,0.763,-3.84,104.2,149.0,108.0,293.0,72.8,24.0,-0.047,295.0,0.33,137.0,1.42,128.0,101.6,211.0,101.3,103.0
,,149.0,14,Florida International,CUSA,32,19,13,0.594,W1,9,9,0.5,11,3,6,9,2,1,0,0,0,0,0.0,0.0,2455,2319,76.71875,72.46875,898,1968,0.456,286,819,0.349,373,574,0.65,1.58,103.7,157.0,102.1,170.0,72.2,30.0,0.01,161.0,-0.82,171.0,-4.61,314.0,101.6,212.0,102.4,145.0
,,143.0,73,Marshall,CUSA,32,17,15,0.531,W3,10,8,0.556,10,6,5,9,2,0,0,1,0,0,0.0,0.0,2429,2339,75.90625,73.09375,897,2028,0.442,245,783,0.313,390,588,0.6629999999999999,2.11,101.2,199.0,99.1,106.0,74.9,3.0,-0.037000000000000005,277.0,-0.16,149.0,0.6,160.0,102.8,139.0,103.0,169.0
,,199.0,55,Rice,CUSA,32,15,17,0.469,L2,7,11,0.389,8,7,5,8,2,2,0,0,0,0,0.0,0.0,2363,2375,73.84375,74.21875,800,1851,0.4320000000000001,317,934,0.339,446,619,0.721,-2.62,105.8,110.0,108.4,301.0,70.1,80.0,-0.004,194.0,-0.91,173.0,-0.86,206.0,101.7,208.0,102.6,153.0
,,113.0,98,Western Kentucky,CUSA,30,20,10,0.667,W1,13,5,0.722,12,2,6,6,2,2,0,1,0,0,0.0,0.0,2297,2160,76.56666666666666,72.0,779,1703,0.457,212,627,0.338,527,668,0.789,5.56,108.9,56.0,103.3,196.0,68.3,176.0,0.023,122.0,0.85,126.0,1.02,149.0,102.3,161.0,101.4,106.0
,,191.0,108,Florida Atlantic,CUSA,32,17,15,0.531,W1,8,10,0.444,14,3,2,12,1,0,0,0,0,0,0.0,0.0,2275,2222,71.09375,69.4375,822,1928,0.426,266,813,0.327,365,519,0.703,-1.66,99.7,225.0,101.3,151.0,68.8,146.0,-0.001,188.0,-1.38,188.0,-3.81,294.0,101.4,223.0,102.7,163.0
,,71.0,115,Louisiana Tech,CUSA,30,22,8,0.733,W2,13,5,0.722,15,1,7,7,0,0,0,0,0,0,0.0,0.0,2235,1910,74.5,63.66666666666666,821,1763,0.466,251,704,0.35700000000000004,342,512,0.6679999999999999,10.47,108.7,60.0,98.2,90.0,66.5,266.0,-0.023,246.0,-1.65,192.0,-4.54,312.0,101.7,206.0,103.3,187.0
,,77.0,62,North Texas,CUSA,31,20,11,0.645,L1,14,4,0.778,13,3,7,6,0,2,0,3,0,0,0.0,0.0,2203,1962,71.06451612903227,63.29032258064516,786,1627,0.483,253,667,0.379,378,503,0.7509999999999999,9.97,111.2,34.0,101.2,146.0,62.9,350.0,-0.032,268.0,1.92,113.0,6.11,28.0,102.5,152.0,100.6,93.0
,,295.0,112,Middle Tennessee,CUSA,31,8,23,0.258,W1,4,14,0.222,5,10,3,10,0,3,0,1,0,0,0.0,0.0,2193,2332,70.74193548387096,75.2258064516129,776,1850,0.419,255,763,0.334,386,576,0.67,-10.66,97.5,264.0,108.2,298.0,69.8,95.0,0.003,175.0,0.97,125.0,4.27,50.0,102.7,143.0,101.7,118.0
,,188.0,172,UTEP,CUSA,32,17,15,0.531,L1,8,10,0.444,12,4,3,8,2,3,0,0,0,0,0.0,0.0,2157,2116,67.40625,66.125,747,1765,0.423,212,705,0.301,451,602,0.7490000000000001,-1.28,96.9,273.0,98.2,89.0,67.5,224.0,-0.005,197.0,-0.61,163.0,1.55,125.0,101.7,199.0,102.4,140.0
,,189.0,250,UAB,CUSA,32,19,13,0.594,W2,9,9,0.5,11,6,5,7,3,0,0,2,0,0,0.0,0.0,2154,2088,67.3125,65.25,780,1719,0.454,169,515,0.328,425,604,0.7040000000000001,-1.32,100.8,205.0,102.1,173.0,65.7,302.0,0.048,57.0,-2.46,216.0,-5.65,331.0,100.1,259.0,102.6,154.0
,,171.0,275,Old Dominion,CUSA,32,13,19,0.406,L2,9,9,0.5,10,4,3,11,0,4,0,0,0,0,0.0,0.0,2098,2099,65.5625,65.59375,768,1898,0.405,184,629,0.293,378,546,0.6920000000000001,-0.02,98.3,249.0,98.3,92.0,66.4,268.0,-0.091,336.0,0.03,146.0,1.39,131.0,102.3,167.0,102.2,133.0
,,279.0,206,Southern Miss,CUSA,31,9,22,0.29,L4,5,13,0.278,8,7,1,12,0,3,0,3,0,0,0.0,0.0,2047,2242,66.03225806451613,72.3225806451613,783,1766,0.443,163,529,0.308,318,442,0.7190000000000001,-9.44,94.4,313.0,103.8,207.0,67.2,238.0,-0.01,211.0,2.47,108.0,9.01,13.0,104.7,88.0,102.2,131.0
,,164.0,312,Charlotte,CUSA,29,16,13,0.552,L1,10,8,0.556,13,2,3,11,0,0,0,0,0,0,0.0,0.0,1922,1877,66.27586206896552,64.72413793103448,671,1480,0.453,185,544,0.34,395,562,0.703,0.45,98.5,247.0,98.0,84.0,65.5,307.0,0.008,164.0,-1.31,183.0,-5.42,326.0,102.0,183.0,103.3,189.0
,,223.0,4,Green Bay,Horz,33,17,16,0.515,L1,11,7,0.611,10,5,7,10,0,1,0,1,0,0,0.0,0.0,2694,2643,81.63636363636364,80.0909090909091,968,2109,0.459,252,683,0.369,506,669,0.7559999999999999,-4.64,105.8,109.0,110.5,319.0,74.0,7.0,0.045,67.0,-2.95,221.0,5.0,39.0,100.9,236.0,103.8,214.0
,,133.0,3,Wright State,Horz,31,25,7,0.7809999999999999,L1,15,3,0.833,14,2,9,3,2,2,0,0,0,0,0.0,0.0,2580,2264,80.625,70.75,893,1953,0.457,242,665,0.364,481,711,0.677,3.47,104.9,132.0,101.4,157.0,72.1,31.0,0.033,97.0,-6.8,315.0,-5.49,327.0,99.7,286.0,106.5,332.0
,,204.0,142,UIC,Horz,35,18,17,0.514,L1,10,8,0.556,11,7,5,9,2,1,0,1,0,0,0.0,0.0,2412,2407,68.91428571428571,68.77142857142857,880,1984,0.444,252,747,0.337,400,584,0.685,-3.14,96.4,280.0,99.5,115.0,69.5,105.0,-0.004,195.0,-4.74,257.0,-0.51,193.0,100.1,258.0,104.9,267.0
,,232.0,70,Youngstown St,Horz,33,18,15,0.545,L1,10,8,0.556,13,3,5,11,0,1,0,2,0,0,0.0,0.0,2401,2351,72.75757575757575,71.24242424242425,870,2055,0.423,236,765,0.308,425,616,0.69,-5.59,103.0,173.0,108.5,303.0,66.4,269.0,0.038,84.0,-5.48,283.0,-2.75,266.0,99.9,271.0,105.4,285.0
,,144.0,41,Northern Kentucky,Horz,32,23,9,0.7190000000000001,W2,13,5,0.722,11,4,10,5,2,0,0,0,0,0,0.0,0.0,2317,2089,72.40625,65.28125,810,1872,0.433,259,848,0.305,438,636,0.6890000000000001,2.11,102.0,191.0,99.8,120.0,65.7,304.0,0.07400000000000001,20.0,-5.16,270.0,-0.21,185.0,100.0,267.0,105.2,279.0
,,328.0,113,IUPUI,Horz,32,7,25,0.219,L2,3,15,0.16699999999999998,4,9,3,14,0,2,0,0,0,0,0.0,0.0,2256,2564,70.5,80.125,803,1945,0.413,254,753,0.337,396,614,0.645,-16.18,99.4,231.0,115.6,344.0,70.8,58.0,-0.068,321.0,-3.07,224.0,1.27,137.0,100.5,250.0,103.6,203.0
,,239.0,216,Oakland,Horz,33,14,19,0.424,L1,8,10,0.444,8,5,4,12,2,2,0,2,0,0,0.0,0.0,2239,2301,67.84848484848484,69.72727272727273,780,1822,0.428,204,690,0.29600000000000004,475,689,0.6890000000000001,-6.47,98.6,246.0,105.0,233.0,66.1,285.0,-0.014,223.0,-3.24,231.0,3.71,61.0,101.4,220.0,104.6,255.0
,,271.0,84,Milwaukee,Horz,31,12,19,0.387,L6,7,11,0.389,7,8,4,9,1,2,0,1,0,0,0.0,0.0,2216,2252,71.48387096774194,72.64516129032258,788,1908,0.413,241,754,0.32,399,563,0.7090000000000001,-8.89,96.0,288.0,104.9,232.0,69.5,102.0,-0.015,227.0,-5.12,269.0,-3.09,276.0,100.6,248.0,105.7,305.0
,,306.0,102,Detroit Mercy,Horz,31,8,23,0.258,W1,6,12,0.333,5,8,2,14,1,1,0,1,0,0,0.0,0.0,2175,2422,70.16129032258064,78.12903225806451,724,1850,0.391,263,815,0.32299999999999995,464,593,0.782,-11.84,99.9,221.0,111.7,326.0,69.3,117.0,-0.031,265.0,-2.12,205.0,4.31,49.0,101.7,207.0,103.8,209.0
,,313.0,228,Cleveland State,Horz,32,11,21,0.344,L2,7,11,0.389,6,8,3,13,2,0,0,0,0,0,0.0,0.0,2053,2298,64.15625,71.8125,738,1772,0.416,120,408,0.294,457,688,0.664,-12.83,92.9,329.0,105.7,250.0,67.1,241.0,0.048,55.0,-2.37,215.0,3.41,69.0,101.8,198.0,104.1,232.0
,,58.0,189,Yale,Ivy,30,23,7,0.767,L1,11,3,0.7859999999999999,10,1,11,6,2,0,0,0,0,0,0.0,0.0,2289,1954,76.3,65.13333333333334,809,1726,0.469,265,714,0.371,406,570,0.7120000000000001,11.57,107.9,73.0,96.4,67.0,67.4,227.0,-0.026,253.0,0.22,143.0,3.64,63.0,102.1,179.0,101.9,120.0
,,110.0,321,Harvard,Ivy,29,21,8,0.7240000000000001,W1,10,4,0.7140000000000001,11,1,9,4,1,3,0,1,0,0,0.0,0.0,2114,1928,72.89655172413794,66.48275862068965,763,1680,0.454,209,635,0.329,379,541,0.701,5.69,104.7,137.0,99.0,105.0,68.8,148.0,0.039,80.0,-0.95,175.0,0.3,168.0,102.0,186.0,102.9,168.0
,,141.0,335,Pennsylvania,Ivy,27,16,11,0.593,W3,8,6,0.5710000000000001,8,3,6,7,2,1,0,2,0,0,0.0,0.0,1991,1906,73.74074074074075,70.5925925925926,741,1625,0.456,240,724,0.331,269,405,0.664,2.63,103.4,163.0,100.8,137.0,70.2,76.0,0.025,117.0,0.42,134.0,3.2,70.0,102.6,148.0,102.1,128.0
,,299.0,324,Columbia,Ivy,30,6,24,0.2,L13,1,13,0.071,5,7,0,16,1,1,0,1,0,0,0.0,0.0,1988,2181,66.26666666666667,72.7,744,1819,0.409,202,671,0.301,298,408,0.73,-11.27,95.2,302.0,106.5,267.0,69.1,132.0,-0.13,350.0,-0.8,169.0,-2.23,250.0,101.6,213.0,102.4,144.0
,,150.0,348,Princeton,Ivy,27,14,13,0.519,L1,9,5,0.643,7,6,6,7,1,0,0,0,0,0,0.0,0.0,1931,1866,71.51851851851852,69.1111111111111,695,1501,0.463,235,659,0.35700000000000004,306,417,0.7340000000000001,1.5,107.0,89.0,105.5,243.0,66.3,274.0,-0.025,251.0,-0.66,165.0,0.27,174.0,101.7,200.0,102.4,143.0
,,274.0,352,Cornell,Ivy,27,7,20,0.259,W1,4,10,0.28600000000000003,6,6,1,14,0,0,0,1,0,0,0.0,0.0,1818,1912,67.33333333333333,70.81481481481481,669,1519,0.44,194,597,0.325,286,409,0.6990000000000001,-9.1,101.2,198.0,110.3,317.0,65.2,314.0,-0.105,343.0,-0.05,148.0,-0.27,186.0,101.7,203.0,101.8,119.0
,,224.0,346,Brown,Ivy,27,15,12,0.556,W2,8,6,0.5710000000000001,10,4,5,8,0,0,0,1,0,0,0.0,0.0,1809,1854,67.0,68.66666666666667,626,1576,0.397,183,600,0.305,374,512,0.73,-4.69,96.4,278.0,101.1,143.0,69.4,113.0,0.12,5.0,-1.19,179.0,-2.12,246.0,101.6,214.0,102.8,164.0
,,205.0,350,Dartmouth,Ivy,28,12,17,0.414,L2,5,9,0.35700000000000004,6,6,5,10,1,1,0,0,0,0,0.0,0.0,1894,1872,65.3103448275862,64.55172413793103,659,1518,0.434,188,604,0.311,280,415,0.675,-3.18,96.7,276.0,99.9,121.0,65.8,298.0,-0.081,331.0,-1.62,191.0,-2.54,256.0,101.1,231.0,102.7,161.0
,,201.0,295,Monmouth,MAAC,31,18,13,0.581,L1,12,8,0.6,11,2,6,10,1,1,0,1,0,0,0.0,0.0,2209,2188,71.25806451612904,70.58064516129029,755,1842,0.41,227,680,0.334,472,655,0.721,-2.72,99.1,238.0,101.8,162.0,72.6,27.0,0.061,41.0,-5.21,271.0,-1.21,221.0,98.7,320.0,103.9,217.0
,,258.0,215,Canisius,MAAC,32,12,20,0.375,L1,7,13,0.35,7,6,4,12,1,2,0,0,0,0,0.0,0.0,2196,2265,68.625,70.78125,806,1861,0.433,193,639,0.302,391,562,0.696,-7.97,97.7,259.0,105.7,249.0,70.0,86.0,-0.04,282.0,-4.41,249.0,-0.87,208.0,99.1,308.0,103.5,196.0
,,145.0,307,Siena,MAAC,30,20,10,0.667,W10,15,5,0.75,14,0,5,10,1,0,0,1,0,0,0.0,0.0,2167,2031,72.23333333333333,67.7,770,1679,0.459,198,558,0.355,429,609,0.7040000000000001,2.06,107.2,87.0,105.1,236.0,66.7,261.0,-0.001,189.0,-5.42,277.0,0.29,171.0,98.3,329.0,103.7,205.0
,,187.0,233,Rider,MAAC,30,18,12,0.6,W3,12,8,0.6,11,1,5,11,2,0,0,0,0,0,0.0,0.0,2152,2080,71.73333333333333,69.33333333333333,755,1725,0.438,184,574,0.321,458,704,0.6509999999999999,-1.19,100.9,204.0,102.1,171.0,71.1,49.0,0.036000000000000004,90.0,-5.29,272.0,-0.94,210.0,98.3,330.0,103.6,202.0
,,300.0,311,Niagara,MAAC,32,12,20,0.375,W1,9,11,0.45,9,3,2,17,1,0,0,0,0,0,0.0,0.0,2102,2316,65.6875,72.375,766,1785,0.429,243,653,0.3720000000000001,327,435,0.752,-11.54,100.1,218.0,111.6,325.0,66.0,289.0,0.068,31.0,-2.97,222.0,3.87,60.0,99.4,300.0,102.3,139.0
,,251.0,316,Quinnipiac,MAAC,30,15,15,0.5,W3,10,10,0.5,9,5,5,9,1,1,0,0,0,0,0.0,0.0,2088,2122,69.6,70.73333333333333,707,1695,0.417,310,869,0.35700000000000004,364,478,0.762,-7.65,100.7,207.0,108.3,300.0,68.9,141.0,0.028,108.0,-6.46,311.0,-6.81,343.0,98.0,332.0,104.5,251.0
,,221.0,351,Iona,MAAC,29,12,17,0.414,L1,9,11,0.45,5,6,4,9,3,2,0,0,0,0,0.0,0.0,2030,2055,70.0,70.86206896551724,697,1586,0.439,224,673,0.333,412,535,0.77,-4.56,101.6,194.0,106.1,260.0,68.7,156.0,-0.077,326.0,-5.1,268.0,0.72,155.0,98.4,328.0,103.5,195.0
,,194.0,344,Saint Peter's,MAAC,30,18,12,0.6,W3,14,6,0.7,11,3,5,9,2,0,0,0,0,0,0.0,0.0,1990,1923,66.33333333333333,64.1,674,1665,0.405,185,541,0.342,457,632,0.723,-1.98,95.4,300.0,97.3,80.0,68.0,197.0,0.023,121.0,-5.99,296.0,-3.63,290.0,99.1,307.0,105.1,276.0
,,269.0,347,Manhattan,MAAC,31,13,18,0.419,L1,8,12,0.4,7,6,5,11,1,1,0,0,0,0,0.0,0.0,1924,1991,62.064516129032256,64.2258064516129,676,1708,0.396,210,679,0.309,362,583,0.621,-8.76,92.8,331.0,101.6,160.0,65.8,296.0,-0.011,215.0,-5.62,289.0,-4.38,307.0,98.6,323.0,104.3,239.0
,,301.0,331,Fairfield,MAAC,32,12,20,0.375,L1,8,12,0.4,5,8,6,9,1,3,0,1,0,0,0.0,0.0,1857,2012,58.03125,62.875,651,1669,0.39,138,486,0.284,417,600,0.695,-11.59,90.1,344.0,101.6,161.0,63.2,346.0,0.045,65.0,-4.52,252.0,-1.19,220.0,99.6,287.0,104.2,235.0
,,317.0,339,Marist,MAAC,30,7,23,0.233,L5,6,14,0.3,4,10,3,12,0,1,0,0,0,0,0.0,0.0,1816,1970,60.53333333333333,65.66666666666667,639,1634,0.391,223,654,0.341,315,486,0.648,-13.59,90.2,343.0,103.8,203.0,65.2,316.0,-0.105,344.0,-6.9,319.0,-8.93,349.0,97.8,335.0,104.7,260.0
,,346.0,308,Delaware State,MEAC,32,6,26,0.188,L1,4,12,0.25,3,11,2,13,1,2,0,0,0,0,0.0,0.0,2350,2655,73.4375,82.96875,824,2004,0.411,249,791,0.315,453,661,0.685,-23.11,94.1,323.0,117.2,347.0,74.7,5.0,-0.042,284.0,-10.56,352.0,-3.21,279.0,95.0,353.0,105.6,298.0
,,287.0,178,North Carolina A&T,MEAC,32,17,15,0.531,W1,12,4,0.75,11,1,4,12,2,2,0,1,0,0,0.0,0.0,2311,2305,72.21875,72.03125,826,1920,0.43,181,612,0.29600000000000004,478,785,0.609,-10.07,92.3,335.0,102.4,177.0,73.7,9.0,0.068,30.0,-8.66,343.0,4.11,55.0,97.1,342.0,105.7,307.0
,,350.0,175,Howard,MEAC,33,4,29,0.121,L1,1,15,0.063,2,13,1,14,1,2,0,0,0,0,0.0,0.0,2306,2682,69.87878787878788,81.27272727272727,808,1922,0.42,247,718,0.344,443,637,0.695,-26.15,93.6,326.0,119.7,350.0,70.2,75.0,-0.015,228.0,-8.29,339.0,0.96,152.0,96.7,344.0,105.0,274.0
,,292.0,133,Bethune-Cookman,MEAC,30,16,14,0.5329999999999999,W1,10,6,0.625,10,1,4,13,2,0,0,1,0,0,0.0,0.0,2239,2167,74.63333333333334,72.23333333333333,782,1842,0.425,184,576,0.319,491,701,0.7,-10.39,95.4,298.0,105.8,254.0,73.0,20.0,0.012,154.0,-9.66,350.0,1.58,122.0,96.1,350.0,105.7,306.0
,,254.0,246,Norfolk State,MEAC,31,16,15,0.516,W3,12,4,0.75,11,1,4,12,1,2,0,0,0,0,0.0,0.0,2186,2012,70.51612903225806,64.90322580645162,754,1820,0.414,243,752,0.32299999999999995,435,611,0.7120000000000001,-7.76,94.2,321.0,101.9,164.0,67.5,225.0,-0.052000000000000005,309.0,-9.57,349.0,2.04,102.0,97.0,343.0,106.6,334.0
,,322.0,54,Morgan State,MEAC,31,15,16,0.484,L2,9,7,0.563,8,6,7,7,0,3,0,1,0,0,0.0,0.0,2182,2197,70.38709677419354,70.87096774193549,766,1807,0.424,158,563,0.281,492,709,0.6940000000000001,-14.26,93.2,327.0,107.5,282.0,69.6,100.0,0.039,81.0,-10.67,353.0,-0.52,194.0,96.2,349.0,106.9,344.0
,,272.0,266,North Carolina Central,MEAC,31,18,13,0.581,W6,13,3,0.813,12,0,5,13,1,0,0,1,0,0,0.0,0.0,2162,2045,69.74193548387096,65.96774193548387,797,1734,0.46,182,605,0.301,386,591,0.653,-9.0,94.2,319.0,103.2,193.0,66.6,263.0,0.065,35.0,-8.95,344.0,6.55,25.0,97.3,340.0,106.3,326.0
,,327.0,200,Coppin State,MEAC,31,11,20,0.355,W3,7,9,0.438,5,5,6,15,0,0,0,0,0,0,0.0,0.0,2109,2298,68.03225806451613,74.12903225806451,736,1870,0.394,247,878,0.281,390,613,0.636,-15.66,89.6,346.0,105.3,240.0,73.4,12.0,0.038,82.0,-7.96,332.0,2.53,90.0,97.5,339.0,105.5,292.0
,,339.0,314,South Carolina State,MEAC,29,11,18,0.379,L6,6,10,0.375,8,5,3,12,0,1,0,1,0,0,0.0,0.0,2037,2180,70.24137931034483,75.17241379310343,705,1618,0.436,146,483,0.302,481,643,0.748,-18.29,94.9,306.0,113.2,335.0,67.4,226.0,0.014,151.0,-10.23,351.0,0.68,156.0,95.9,351.0,106.1,320.0
,,349.0,333,Maryland-Eastern Shore,MEAC,32,5,27,0.156,L6,4,12,0.25,4,6,1,20,0,1,0,1,0,0,0.0,0.0,1841,2278,57.53125,71.1875,676,1869,0.362,187,745,0.251,302,478,0.632,-26.14,81.7,352.0,107.8,288.0,67.5,221.0,-0.024,248.0,-6.4,309.0,7.78,15.0,97.6,337.0,104.1,226.0
,,314.0,340,Florida A&M,MEAC,27,12,15,0.444,L1,10,6,0.625,8,0,4,13,0,2,0,2,0,0,0.0,0.0,1824,1984,67.55555555555556,73.48148148148148,664,1582,0.42,107,377,0.284,389,613,0.635,-12.85,94.4,311.0,107.3,279.0,68.6,160.0,0.1,9.0,-6.28,304.0,8.42,14.0,97.9,333.0,104.2,237.0
,,148.0,20,Buffalo,MAC,32,20,12,0.625,L1,11,7,0.611,10,7,7,4,3,1,0,0,0,0,0.0,0.0,2516,2425,78.625,75.78125,927,2139,0.433,261,809,0.32299999999999995,401,598,0.6709999999999999,1.84,104.1,151.0,102.3,175.0,73.9,8.0,0.045,64.0,-0.62,164.0,-1.49,230.0,102.4,155.0,103.1,172.0
,,216.0,68,Central Michigan,MAC,32,14,18,0.438,L1,7,11,0.389,12,4,2,14,0,0,0,0,0,0,0.0,0.0,2506,2454,78.3125,76.6875,876,2037,0.43,247,763,0.324,507,680,0.746,-4.4,102.0,187.0,106.4,264.0,73.6,11.0,-0.036000000000000004,276.0,0.65,129.0,1.94,107.0,102.7,144.0,102.0,126.0
,,128.0,34,Kent State,MAC,32,20,12,0.625,W1,9,9,0.5,14,3,5,8,1,1,0,1,0,0,0.0,0.0,2442,2241,76.3125,70.03125,886,1952,0.454,268,791,0.339,402,553,0.727,4.06,106.1,105.0,102.1,167.0,68.9,143.0,-0.011,214.0,-1.26,181.0,-3.61,289.0,102.1,178.0,103.4,191.0
,,152.0,82,Toledo,MAC,32,17,15,0.531,W2,8,10,0.444,10,6,7,9,0,0,0,0,0,0,0.0,0.0,2386,2244,74.5625,70.125,802,1844,0.435,283,774,0.366,499,669,0.746,1.14,106.3,102.0,105.1,237.0,68.1,193.0,-0.057,312.0,-1.36,186.0,-2.0,243.0,101.4,219.0,102.8,165.0
,,168.0,122,Bowling Green,MAC,31,21,10,0.677,L3,12,6,0.667,13,2,5,5,3,3,0,1,0,0,0.0,0.0,2310,2259,74.51612903225806,72.87096774193549,822,1968,0.418,242,717,0.338,424,564,0.752,0.33,104.3,146.0,104.0,210.0,70.1,81.0,0.142,1.0,-0.24,151.0,-2.44,254.0,102.3,165.0,102.5,149.0
,,167.0,205,Ohio,MAC,32,17,15,0.531,W2,8,10,0.444,12,5,4,8,1,2,0,2,0,0,0.0,0.0,2286,2192,71.4375,68.5,822,1837,0.447,272,781,0.348,370,537,0.6890000000000001,0.36,103.6,161.0,103.3,195.0,68.0,195.0,-0.01,212.0,-0.67,166.0,-1.18,219.0,102.2,173.0,102.9,167.0
,,82.0,159,Akron,MAC,30,24,7,0.774,W3,14,4,0.778,15,2,8,4,1,1,0,1,0,0,0.0,0.0,2348,2062,75.74193548387096,66.51612903225806,764,1735,0.44,274,768,0.35700000000000004,479,622,0.77,9.54,108.5,66.0,98.9,103.0,69.4,110.0,0.022,124.0,-1.21,180.0,-1.88,242.0,101.3,224.0,102.5,151.0
,,229.0,204,Miami (OH),MAC,31,13,19,0.406,W1,5,13,0.278,10,6,2,11,1,2,0,1,0,0,0.0,0.0,2269,2275,70.90625,71.09375,790,1853,0.426,261,765,0.341,362,493,0.7340000000000001,-4.99,102.0,188.0,107.0,276.0,67.1,243.0,-0.022,243.0,-0.3,155.0,-3.35,282.0,102.4,158.0,102.7,158.0
,,116.0,260,Ball State,MAC,31,18,13,0.581,W2,11,7,0.611,11,4,5,7,2,2,0,1,0,0,0.0,0.0,2155,1938,69.51612903225806,62.516129032258064,749,1754,0.4270000000000001,283,842,0.336,374,540,0.693,5.25,99.2,235.0,94.0,37.0,68.0,200.0,-0.08900000000000001,335.0,-2.22,208.0,-4.52,311.0,101.1,226.0,103.4,190.0
,,196.0,301,Eastern Michigan,MAC,32,16,16,0.5,L3,6,12,0.333,11,4,3,12,2,0,0,1,0,0,0.0,0.0,2078,2050,64.9375,64.0625,725,1703,0.426,180,643,0.28,448,714,0.627,-2.34,94.2,318.0,96.6,70.0,66.8,254.0,0.028,109.0,1.46,119.0,3.13,72.0,103.7,106.0,102.2,135.0
,,182.0,258,Northern Illinois,MAC,31,18,13,0.581,L1,11,7,0.611,11,4,7,9,0,0,0,0,0,0,0.0,0.0,2071,1998,66.80645161290322,64.45161290322581,751,1814,0.414,226,661,0.342,343,509,0.674,-1.03,99.8,222.0,100.8,138.0,64.8,329.0,0.044,68.0,-2.25,209.0,-5.93,335.0,101.7,204.0,104.0,220.0
,,237.0,332,Western Michigan,MAC,29,13,19,0.406,L2,6,12,0.333,10,5,3,12,0,2,0,1,0,0,0.0,0.0,2220,2306,69.375,72.0625,672,1615,0.416,203,619,0.328,396,554,0.715,-6.35,99.4,232.0,105.7,251.0,67.4,228.0,0.043,71.0,0.31,140.0,-1.46,227.0,102.4,154.0,102.1,127.0
,,146.0,76,Valparaiso,MVC,35,19,16,0.5429999999999999,L1,9,9,0.5,11,3,4,10,4,3,0,0,0,0,0.0,0.0,2530,2494,72.28571428571429,71.25714285714284,922,2088,0.442,287,843,0.34,399,559,0.7140000000000001,2.06,104.5,141.0,102.5,181.0,69.3,123.0,0.02,128.0,1.39,120.0,0.08,177.0,103.0,128.0,101.6,116.0
,,107.0,90,Bradley,MVC,34,23,11,0.6759999999999999,W3,11,7,0.611,15,2,4,8,4,1,0,1,0,0,0.0,0.0,2438,2240,71.70588235294117,65.88235294117646,872,1976,0.441,230,618,0.3720000000000001,464,630,0.737,6.09,106.8,92.0,100.7,134.0,67.1,244.0,0.036000000000000004,89.0,-0.51,161.0,-4.1,303.0,101.6,209.0,102.2,129.0
,,163.0,137,Drake,MVC,34,20,14,0.588,L1,8,10,0.444,14,2,2,10,4,2,0,1,0,0,0.0,0.0,2359,2302,69.38235294117646,67.70588235294117,854,1864,0.458,245,711,0.345,406,569,0.7140000000000001,0.62,102.0,189.0,101.3,155.0,67.9,204.0,0.065,36.0,0.39,135.0,-5.3,324.0,102.9,134.0,102.5,147.0
,,49.0,92,Northern Iowa,MVC,31,25,6,0.8059999999999999,L1,14,4,0.778,16,0,8,4,1,2,1,0,0,0,0.0,0.0,2330,2006,75.16129032258064,64.70967741935483,844,1776,0.475,287,737,0.389,355,468,0.759,13.43,112.7,23.0,99.3,108.0,65.8,299.0,0.019,134.0,0.97,124.0,1.26,138.0,102.6,146.0,101.6,114.0
,,121.0,213,Missouri State,MVC,33,16,17,0.485,L1,9,9,0.5,11,4,3,10,2,3,0,1,0,0,0.0,0.0,2330,2238,70.60606060606061,67.81818181818181,843,1923,0.438,230,650,0.354,414,553,0.7490000000000001,4.69,104.8,133.0,100.2,124.0,68.3,181.0,-0.083,333.0,0.84,127.0,-1.22,222.0,103.0,127.0,102.2,132.0
,,101.0,157,Loyola Chicago,MVC,32,21,11,0.6559999999999999,L1,13,5,0.722,14,2,5,6,2,3,0,0,0,0,0.0,0.0,2198,2007,68.6875,62.71875,803,1616,0.4970000000000001,185,504,0.3670000000000001,407,626,0.65,6.87,103.7,159.0,96.8,72.0,65.3,311.0,0.006,167.0,-0.19,150.0,-3.32,281.0,102.4,153.0,102.6,155.0
,,294.0,161,Evansville,MVC,32,9,23,0.281,L19,0,18,0.0,5,10,3,10,1,3,1,0,0,0,0.0,0.0,2149,2368,67.15625,74.0,746,1769,0.422,241,750,0.321,416,570,0.73,-10.56,96.9,274.0,107.4,280.0,67.6,217.0,0.015,146.0,0.3,141.0,-4.81,318.0,103.0,131.0,102.7,157.0
,,122.0,270,Indiana State,MVC,30,18,12,0.6,L1,11,7,0.611,12,1,4,8,2,3,0,1,0,0,0.0,0.0,2052,2004,68.4,66.8,731,1617,0.452,209,555,0.377,381,532,0.716,4.59,105.8,113.0,101.2,145.0,66.4,270.0,0.043,72.0,2.19,112.0,2.74,80.0,103.7,110.0,101.5,108.0
,,220.0,286,Illinois State,MVC,31,10,21,0.32299999999999995,L1,5,13,0.278,9,6,1,11,0,4,0,0,0,0,0.0,0.0,2050,2171,66.12903225806451,70.03225806451613,740,1745,0.424,258,726,0.355,312,439,0.711,-4.55,98.4,248.0,102.9,190.0,68.5,169.0,-0.005,198.0,1.91,114.0,0.47,164.0,103.6,113.0,101.7,117.0
,,178.0,290,Southern Illinois,MVC,32,16,16,0.5,L4,10,8,0.556,12,3,3,10,1,3,0,0,0,0,0.0,0.0,2002,1991,62.5625,62.21875,693,1623,0.4270000000000001,226,668,0.338,390,536,0.728,-0.41,98.2,252.0,98.6,99.0,64.2,337.0,-0.002,190.0,0.28,142.0,-3.73,293.0,102.8,140.0,102.5,148.0
,,41.0,7,Utah State,MWC,34,26,8,0.765,W3,12,6,0.667,15,1,4,6,7,1,1,2,0,0,0.0,0.0,2600,2179,76.47058823529412,64.08823529411765,905,1967,0.46,248,745,0.333,542,710,0.763,14.92,109.5,49.0,94.6,48.0,67.4,229.0,0.034,94.0,3.09,100.0,1.55,124.0,105.0,81.0,101.9,122.0
,,138.0,5,New Mexico,MWC,33,19,14,0.5760000000000001,L1,7,11,0.389,15,3,2,9,2,2,0,3,0,0,0.0,0.0,2531,2483,76.6969696969697,75.24242424242425,892,1913,0.466,230,704,0.327,517,718,0.72,2.88,105.3,125.0,102.4,178.0,71.8,38.0,0.044,70.0,1.5,118.0,-3.24,280.0,105.0,80.0,103.5,198.0
,,83.0,36,Boise State,MWC,32,20,12,0.625,L1,11,7,0.611,13,2,4,8,3,2,0,4,0,0,0.0,0.0,2430,2223,75.9375,69.46875,829,1853,0.447,269,780,0.345,503,670,0.7509999999999999,9.4,107.0,88.0,97.6,81.0,69.1,133.0,0.025,115.0,4.28,89.0,1.32,135.0,105.0,82.0,100.7,95.0
,,99.0,22,Colorado State,MWC,32,20,12,0.625,L1,11,7,0.611,12,4,5,6,3,2,0,3,0,0,0.0,0.0,2417,2307,75.53125,72.09375,841,1793,0.469,258,705,0.366,475,700,0.679,7.15,109.3,52.0,102.1,172.0,69.3,116.0,0.045,66.0,2.91,104.0,1.71,115.0,104.4,93.0,101.5,112.0
6.0,6.0,6.0,66,San Diego State,MWC,32,30,2,0.938,L1,17,1,0.944,14,1,11,0,5,1,0,0,0,0,0.0,0.0,2395,1903,74.84375,59.46875,852,1820,0.468,291,765,0.38,400,519,0.7709999999999999,24.48,115.1,11.0,90.6,10.0,64.6,332.0,-0.008,204.0,2.98,101.0,-1.8,239.0,105.3,76.0,102.3,136.0
,,85.0,69,Nevada,MWC,31,19,12,0.613,L2,12,6,0.667,12,3,4,7,3,2,0,2,0,0,0.0,0.0,2391,2243,77.12903225806451,72.35483870967742,840,1879,0.447,309,806,0.383,400,531,0.753,9.32,110.3,44.0,101.0,141.0,71.0,50.0,-0.006999999999999999,203.0,2.68,106.0,2.0,104.0,104.3,97.0,101.6,115.0
,,197.0,60,Air Force,MWC,32,12,20,0.375,L1,5,13,0.278,8,7,3,9,1,4,0,2,0,0,0.0,0.0,2338,2386,73.0625,74.5625,802,1759,0.456,275,734,0.375,459,628,0.731,-2.49,107.8,76.0,110.3,316.0,68.8,147.0,-0.059,314.0,2.4,110.0,-3.0,273.0,103.9,105.0,101.5,111.0
,,98.0,58,UNLV,MWC,32,17,15,0.531,L1,12,6,0.667,12,6,5,7,0,2,1,1,0,0,0.0,0.0,2307,2242,72.09375,70.0625,812,1876,0.433,241,755,0.319,442,639,0.6920000000000001,7.28,107.9,74.0,100.6,133.0,67.0,247.0,-0.019,234.0,3.75,92.0,1.02,150.0,104.6,89.0,100.9,96.0
,,290.0,174,San Jos St,MWC,31,7,24,0.226,L10,3,15,0.16699999999999998,6,10,1,12,0,2,0,2,0,0,0.0,0.0,2167,2523,69.90322580645162,81.38709677419354,728,1871,0.389,257,861,0.298,454,634,0.716,-10.31,97.5,262.0,107.8,289.0,73.3,13.0,0.009000000000000001,163.0,4.69,82.0,2.3,97.0,106.0,54.0,101.3,102.0
,,157.0,252,Fresno State,MWC,30,11,19,0.3670000000000001,L1,7,11,0.389,7,7,4,10,0,2,0,4,0,0,0.0,0.0,2075,2068,69.16666666666667,68.93333333333334,713,1704,0.418,284,835,0.34,365,519,0.703,1.03,105.1,127.0,104.1,214.0,64.2,338.0,-0.117,347.0,2.92,103.0,0.4,165.0,105.2,77.0,102.3,138.0
,,246.0,285,Wyoming,MWC,33,9,24,0.273,L1,2,16,0.111,4,13,3,8,2,3,0,3,0,0,0.0,0.0,2070,2308,62.72727272727273,69.93939393939394,712,1739,0.409,260,809,0.321,386,531,0.727,-6.79,94.1,322.0,100.9,139.0,66.7,258.0,-0.017,231.0,3.99,91.0,-3.15,277.0,105.9,59.0,101.9,121.0
,,176.0,80,St. Francis (PA),NEC,32,22,10,0.688,L1,13,5,0.722,13,2,8,8,1,0,0,1,0,0,0.0,0.0,2485,2298,77.65625,71.8125,899,1923,0.467,204,567,0.36,483,644,0.75,-0.32,107.6,81.0,107.9,290.0,68.9,138.0,0.037000000000000005,86.0,-6.85,317.0,0.03,181.0,99.0,312.0,105.9,314.0
,,200.0,63,Sacred Heart,NEC,33,20,13,0.606,L1,12,6,0.667,9,4,10,8,1,1,0,0,0,0,0.0,0.0,2420,2291,73.33333333333333,69.42424242424242,843,1961,0.43,251,768,0.327,483,658,0.7340000000000001,-2.64,102.2,185.0,104.8,227.0,68.7,152.0,0.019,136.0,-7.26,326.0,-3.97,298.0,99.3,302.0,106.5,333.0
,,207.0,165,Robert Morris,NEC,34,20,14,0.588,W4,13,5,0.722,12,3,7,11,1,0,0,0,0,0,0.0,0.0,2373,2280,69.79411764705883,67.05882352941177,874,1968,0.444,284,783,0.363,341,508,0.6709999999999999,-3.29,100.5,212.0,103.8,205.0,66.1,282.0,0.027000000000000003,110.0,-6.38,308.0,1.65,118.0,99.7,279.0,106.1,319.0
,,234.0,179,Bryant,NEC,32,15,17,0.469,L1,7,11,0.389,9,5,6,12,0,0,0,1,0,0,0.0,0.0,2271,2223,70.96875,69.46875,802,1932,0.415,269,837,0.321,398,588,0.677,-6.03,97.8,257.0,103.8,206.0,70.3,71.0,-0.055,310.0,-6.58,313.0,-2.2,248.0,98.9,317.0,105.5,293.0
,,307.0,217,St. Francis (BKN),NEC,31,13,18,0.419,L1,7,11,0.389,9,5,4,13,0,0,0,0,0,0,0.0,0.0,2168,2220,69.93548387096774,71.61290322580646,798,1903,0.419,197,664,0.297,373,511,0.73,-11.9,94.6,308.0,106.5,266.0,70.3,70.0,0.024,118.0,-7.0,322.0,-5.94,336.0,98.8,318.0,105.8,311.0
,,289.0,279,Fairleigh Dickinson,NEC,30,11,19,0.3670000000000001,L1,9,9,0.5,7,5,4,14,0,0,0,1,0,0,0.0,0.0,2167,2236,72.23333333333333,74.53333333333333,787,1740,0.452,222,622,0.35700000000000004,371,513,0.723,-10.23,102.1,186.0,112.4,331.0,68.9,142.0,-0.027000000000000003,255.0,-4.93,263.0,3.47,66.0,99.4,298.0,104.3,245.0
,,298.0,310,Mt. St. Mary's,NEC,32,11,21,0.344,L3,7,11,0.389,8,6,3,15,0,0,0,2,0,0,0.0,0.0,2053,2132,64.15625,66.625,715,1772,0.403,209,678,0.308,414,597,0.693,-11.1,96.4,281.0,107.5,283.0,63.2,345.0,-0.07400000000000001,323.0,-6.02,298.0,-2.64,261.0,99.8,278.0,105.8,310.0
,,329.0,292,Wagner,NEC,29,8,21,0.276,L2,5,13,0.278,5,8,3,13,0,0,0,1,0,0,0.0,0.0,1982,2210,68.34482758620689,76.20689655172414,706,1710,0.413,204,644,0.317,366,504,0.726,-16.64,97.3,266.0,113.9,339.0,67.5,223.0,-0.024,249.0,-5.43,278.0,2.13,99.0,98.9,315.0,104.4,246.0
,,347.0,283,Central Connecticut,NEC,31,4,27,0.129,L3,3,15,0.16699999999999998,4,9,0,16,0,2,0,1,0,0,0.0,0.0,1959,2396,63.193548387096776,77.29032258064517,705,1772,0.398,200,560,0.35700000000000004,349,516,0.6759999999999999,-23.67,90.3,342.0,114.0,340.0,69.5,104.0,-0.014,224.0,-4.23,246.0,1.42,129.0,100.1,265.0,104.3,242.0
,,227.0,226,Merrimack,NEC,31,20,11,0.645,W1,14,4,0.778,10,2,9,8,1,1,0,0,0,0,0.0,0.0,1948,1866,62.838709677419345,60.193548387096776,705,1682,0.419,247,728,0.339,291,427,0.6809999999999999,-4.89,93.9,325.0,98.8,101.0,63.2,348.0,0.13699999999999998,2.0,-5.75,291.0,0.4,166.0,99.7,285.0,105.4,289.0
,,109.0,13,Belmont,OVC,33,26,7,0.7879999999999999,W12,15,3,0.833,13,1,11,5,2,1,0,0,0,0,0.0,0.0,2627,2241,79.60606060606061,67.9090909090909,986,2074,0.475,320,908,0.35200000000000004,335,470,0.713,6.02,106.5,97.0,100.5,132.0,70.5,65.0,0.012,155.0,-7.08,324.0,-2.73,262.0,99.0,314.0,106.0,315.0
,,172.0,31,Austin Peay,OVC,33,21,12,0.636,L1,14,4,0.778,14,0,5,10,2,2,0,0,0,0,0.0,0.0,2519,2359,76.33333333333333,71.48484848484848,892,1943,0.459,223,644,0.34600000000000003,512,715,0.716,-0.02,106.9,90.0,107.0,275.0,67.8,209.0,0.032,100.0,-5.29,273.0,3.47,67.0,100.1,264.0,105.4,284.0
,,280.0,74,Eastern Kentucky,OVC,33,16,17,0.485,L1,12,6,0.667,10,4,5,10,1,3,0,2,0,0,0.0,0.0,2464,2488,74.66666666666667,75.39393939393939,857,2085,0.411,268,835,0.321,482,664,0.726,-9.46,95.4,297.0,104.9,230.0,74.5,6.0,0.07,27.0,-5.4,276.0,1.05,146.0,99.9,273.0,105.3,282.0
,,136.0,72,Murray State,OVC,32,23,9,0.7190000000000001,L1,15,3,0.833,15,0,6,6,2,3,0,0,0,0,0.0,0.0,2413,2070,75.40625,64.6875,852,1789,0.476,210,569,0.369,499,704,0.7090000000000001,3.15,102.4,178.0,99.3,110.0,68.9,144.0,-0.03,263.0,-7.75,329.0,-5.57,329.0,99.1,311.0,106.8,342.0
,,238.0,97,Eastern Illinois,OVC,32,17,15,0.531,L1,9,9,0.5,10,2,5,11,2,2,0,1,0,0,0.0,0.0,2377,2214,74.28125,69.1875,890,1945,0.458,215,629,0.342,382,579,0.66,-6.36,98.2,253.0,104.5,220.0,69.1,129.0,-0.05,305.0,-8.64,342.0,-6.08,337.0,99.0,313.0,107.7,350.0
,,259.0,56,Tennessee State,OVC,33,18,15,0.545,L1,9,9,0.5,11,3,4,11,3,1,0,1,0,0,0.0,0.0,2355,2345,71.36363636363636,71.06060606060606,864,1839,0.47,241,687,0.35100000000000003,386,585,0.66,-8.15,96.4,279.0,104.6,222.0,69.3,121.0,0.054000000000000006,47.0,-6.32,307.0,-0.38,191.0,99.5,297.0,105.8,309.0
,,285.0,89,Jacksonville State,OVC,32,13,19,0.406,L1,8,10,0.444,8,6,4,11,1,2,0,1,0,0,0.0,0.0,2294,2218,71.6875,69.3125,844,1892,0.446,226,680,0.332,380,550,0.691,-9.67,95.8,293.0,105.5,245.0,68.1,189.0,-0.078,328.0,-8.0,334.0,-2.74,265.0,98.9,316.0,106.9,345.0
,,316.0,158,Morehead State,OVC,32,13,19,0.406,L3,7,11,0.389,11,4,2,14,0,1,0,0,0,0,0.0,0.0,2208,2240,69.0,70.0,826,1902,0.434,184,639,0.28800000000000003,372,583,0.638,-13.52,94.6,309.0,108.1,294.0,67.3,232.0,-0.001,184.0,-7.49,327.0,-4.35,306.0,98.6,324.0,106.1,318.0
,,338.0,171,UT Martin,OVC,29,9,20,0.31,W1,5,13,0.278,6,6,2,12,1,2,0,1,0,0,0.0,0.0,2194,2382,75.65517241379311,82.13793103448276,781,1718,0.455,218,646,0.337,414,550,0.753,-17.82,105.1,128.0,122.9,353.0,68.7,149.0,0.045,63.0,-4.8,260.0,4.71,44.0,100.1,262.0,104.9,270.0
,,337.0,212,SIU-Edwardsville,OVC,31,8,23,0.258,L1,5,13,0.278,4,10,4,13,0,0,0,0,0,0,0.0,0.0,2073,2261,66.87096774193549,72.93548387096773,769,1801,0.4270000000000001,176,562,0.313,359,526,0.6829999999999999,-17.72,92.3,336.0,110.0,314.0,69.0,136.0,-0.034,272.0,-5.97,294.0,-0.36,190.0,100.5,252.0,106.5,330.0
,,340.0,239,SE Missouri St,OVC,31,7,24,0.226,L4,3,15,0.16699999999999998,6,7,0,16,1,1,0,1,0,0,0.0,0.0,2054,2307,66.25806451612904,74.41935483870971,720,1727,0.417,191,596,0.32,423,612,0.691,-19.0,94.0,324.0,113.0,334.0,67.6,218.0,-0.016,229.0,-5.99,295.0,-0.78,205.0,99.7,283.0,105.7,304.0
,,331.0,269,Tennessee Tech,OVC,31,9,22,0.29,L2,6,12,0.333,6,8,3,12,0,2,0,0,0,0,0.0,0.0,2033,2241,65.58064516129032,72.29032258064517,754,1827,0.413,257,776,0.331,268,397,0.675,-16.73,92.5,334.0,109.3,310.0,66.9,252.0,0.025,113.0,-5.01,265.0,2.09,101.0,100.6,247.0,105.6,302.0
,,19.0,81,Arizona,P12,32,21,11,0.6559999999999999,W1,10,8,0.556,13,4,4,6,4,1,1,4,0,0,0.0,0.0,2445,2090,76.40625,65.3125,850,1905,0.446,233,661,0.35200000000000004,512,699,0.732,19.6,111.0,35.0,91.4,14.0,69.3,115.0,-0.077,327.0,7.72,50.0,2.41,92.0,106.5,38.0,98.8,62.0
13.0,13.0,17.0,47,Oregon,P12,31,24,7,0.774,W4,13,5,0.722,17,0,5,5,2,2,6,2,0,0,0.0,0.0,2352,2069,75.87096774193549,66.74193548387096,857,1825,0.47,269,680,0.396,369,527,0.7,20.0,117.1,6.0,97.1,76.0,65.0,319.0,0.023,120.0,8.15,42.0,4.11,54.0,105.6,62.0,97.4,30.0
,,63.0,235,Arizona State,P12,31,20,11,0.645,W1,11,7,0.611,13,3,6,5,1,3,2,4,0,0,0.0,0.0,2288,2184,73.80645161290323,70.45161290322581,816,1904,0.429,227,703,0.32299999999999995,429,617,0.695,11.3,106.0,108.0,94.7,49.0,73.2,14.0,0.069,28.0,8.22,41.0,2.65,82.0,106.4,41.0,98.1,47.0
,,35.0,184,Colorado,P12,32,21,11,0.6559999999999999,L5,10,8,0.556,13,3,4,7,4,1,2,2,0,0,0.0,0.0,2268,2057,70.875,64.28125,777,1778,0.4370000000000001,241,687,0.35100000000000003,473,643,0.736,15.71,109.1,54.0,93.4,32.0,68.2,188.0,-0.01,213.0,7.42,52.0,2.77,78.0,105.5,66.0,98.0,43.0
,,54.0,143,Washington,P12,32,15,17,0.469,L1,5,13,0.278,10,7,2,7,3,3,1,3,0,0,0.0,0.0,2259,2126,70.59375,66.4375,778,1763,0.441,220,677,0.325,483,669,0.722,12.67,105.8,112.0,93.1,31.0,69.8,96.0,-0.157,353.0,7.6,51.0,1.03,148.0,105.4,72.0,97.8,36.0
,,127.0,118,Washington State,P12,32,16,16,0.5,W1,6,12,0.333,12,5,2,9,2,2,1,1,0,0,0.0,0.0,2235,2229,69.84375,69.65625,776,1952,0.398,237,768,0.309,446,600,0.743,4.22,102.2,182.0,98.0,83.0,70.8,59.0,-0.002,192.0,4.53,84.0,-8.19,347.0,103.6,112.0,99.1,70.0
,,43.0,241,Stanford,P12,32,20,12,0.625,L3,9,9,0.5,14,4,4,6,2,2,2,3,0,0,0.0,0.0,2223,2000,69.46875,62.5,810,1726,0.469,227,608,0.373,376,535,0.703,14.11,104.4,143.0,90.3,7.0,68.3,183.0,-0.08,330.0,4.97,79.0,-4.02,301.0,104.2,101.0,99.2,71.0
,,87.0,116,Oregon State,P12,31,18,13,0.581,W3,7,11,0.389,12,4,3,8,3,1,2,3,0,0,0.0,0.0,2207,2097,71.19354838709677,67.64516129032258,766,1667,0.46,189,582,0.325,486,647,0.7509999999999999,8.93,110.9,39.0,102.0,165.0,65.6,305.0,-0.002,191.0,5.06,77.0,-5.88,334.0,104.6,90.0,99.5,76.0
,,114.0,201,Utah,P12,31,16,15,0.516,L1,7,11,0.389,12,2,1,10,3,3,1,4,0,0,0.0,0.0,2199,2180,70.93548387096773,70.3225806451613,767,1707,0.449,219,653,0.335,446,611,0.73,5.56,106.3,100.0,100.8,135.0,66.7,260.0,0.029,107.0,8.33,39.0,2.26,98.0,107.1,29.0,98.8,60.0
,,55.0,152,USC,P12,31,22,9,0.71,W3,11,7,0.611,15,2,5,6,2,1,0,4,0,0,0.0,0.0,2179,2046,70.29032258064517,66.0,781,1780,0.439,200,571,0.35,417,630,0.662,12.35,104.3,145.0,92.0,18.0,68.9,139.0,0.083,15.0,6.32,69.0,-1.48,229.0,105.2,78.0,98.8,63.0
,,78.0,238,UCLA,P12,31,19,12,0.613,L1,12,6,0.667,13,4,5,5,1,3,3,2,0,0,0.0,0.0,2153,2079,69.45161290322581,67.06451612903226,751,1732,0.434,186,576,0.32299999999999995,465,648,0.718,9.92,109.3,51.0,99.4,112.0,64.9,325.0,0.047,59.0,7.16,57.0,-0.73,202.0,105.5,67.0,98.3,49.0
,,153.0,328,California,P12,32,14,18,0.438,W1,7,11,0.389,12,5,1,10,1,3,1,5,0,0,0.0,0.0,2023,2210,63.21875,69.0625,708,1681,0.421,160,477,0.335,447,606,0.738,1.1,101.5,195.0,100.4,130.0,65.2,315.0,0.09,11.0,8.03,46.0,1.84,108.0,106.4,42.0,98.3,51.0
,,118.0,64,Colgate,Pat,34,25,9,0.735,L1,14,4,0.778,15,2,9,7,1,0,0,1,0,0,0.0,0.0,2588,2315,76.11764705882355,68.08823529411765,932,2079,0.448,342,957,0.35700000000000004,382,510,0.7490000000000001,4.73,107.2,86.0,102.5,182.0,68.5,168.0,0.02,132.0,-6.14,300.0,-0.89,209.0,100.6,246.0,106.7,341.0
,,159.0,135,Boston Univ.,Pat,34,21,13,0.618,W4,12,6,0.667,12,3,9,8,0,2,0,0,0,0,0.0,0.0,2410,2269,70.88235294117645,66.73529411764707,919,1999,0.46,224,688,0.326,348,541,0.643,0.78,103.3,166.0,102.6,186.0,66.3,272.0,0.002,177.0,-4.98,264.0,0.04,180.0,100.6,245.0,105.6,300.0
,,268.0,110,Loyola (MD),Pat,32,15,17,0.469,L3,7,11,0.389,9,4,5,13,1,0,0,0,0,0,0.0,0.0,2348,2394,73.375,74.8125,830,1784,0.465,212,663,0.32,476,747,0.637,-8.75,100.4,213.0,109.1,309.0,71.0,52.0,0.018000000000000002,139.0,-6.87,318.0,-7.3,345.0,99.9,275.0,106.7,338.0
,,242.0,185,Bucknell,Pat,34,14,20,0.412,L1,8,10,0.444,9,5,4,14,1,1,0,0,0,0,0.0,0.0,2299,2415,67.61764705882354,71.02941176470588,820,1945,0.422,279,813,0.343,380,553,0.687,-6.68,96.2,285.0,102.9,189.0,69.5,107.0,0.004,174.0,-3.13,228.0,2.63,83.0,101.7,205.0,104.8,263.0
,,304.0,240,Lehigh,Pat,32,11,21,0.344,L1,7,11,0.389,8,6,3,15,0,0,0,1,0,0,0.0,0.0,2184,2339,68.25,73.09375,826,1846,0.447,180,538,0.335,352,480,0.733,-11.72,97.0,269.0,108.8,305.0,68.4,174.0,0.046,62.0,-2.26,210.0,5.4,34.0,102.2,176.0,104.4,248.0
,,228.0,243,Lafayette,Pat,31,19,12,0.613,L1,10,8,0.556,9,5,10,7,0,0,0,0,0,0,0.0,0.0,2174,2133,70.12903225806451,68.80645161290322,798,1765,0.452,265,774,0.342,313,422,0.742,-4.91,100.6,211.0,105.5,246.0,66.9,251.0,0.101,8.0,-5.07,267.0,-2.99,272.0,101.0,233.0,106.1,316.0
,,203.0,257,American,Pat,30,16,14,0.5329999999999999,L1,12,6,0.667,10,4,6,10,0,0,0,0,0,0,0.0,0.0,2149,2085,71.63333333333334,69.5,796,1743,0.457,206,606,0.34,351,499,0.703,-2.88,101.1,202.0,104.0,212.0,68.7,159.0,-0.033,269.0,-6.03,299.0,-3.0,274.0,100.2,255.0,106.2,324.0
,,264.0,268,Army,Pat,30,15,15,0.5,L2,10,8,0.556,9,6,6,9,0,0,0,1,0,0,0.0,0.0,2128,2161,70.93333333333334,72.03333333333333,821,1742,0.471,215,645,0.333,271,441,0.615,-8.63,98.8,242.0,107.4,281.0,69.5,106.0,0.046,60.0,-6.82,316.0,-6.73,342.0,99.9,272.0,106.7,336.0
,,344.0,191,Holy Cross,Pat,32,3,29,0.094,L12,2,16,0.111,2,12,0,16,1,1,0,1,0,0,0.0,0.0,2106,2537,65.8125,79.28125,789,1829,0.431,219,689,0.318,309,461,0.67,-21.34,95.9,291.0,117.3,348.0,68.3,177.0,-0.042,288.0,-3.21,230.0,0.04,179.0,100.7,240.0,103.9,218.0
,,255.0,329,Navy,Pat,30,14,16,0.467,L2,8,10,0.444,10,5,4,11,0,0,0,1,0,0,0.0,0.0,1908,1924,63.6,64.13333333333334,673,1647,0.409,194,644,0.301,368,532,0.6920000000000001,-7.9,98.1,254.0,106.0,258.0,62.5,351.0,0.018000000000000002,140.0,-5.44,281.0,-4.06,302.0,99.7,281.0,105.2,277.0
,,60.0,65,Alabama,SEC,31,16,15,0.516,L2,8,10,0.444,10,5,4,8,2,2,2,4,0,0,0.0,0.0,2542,2449,82.0,79.0,854,1956,0.4370000000000001,334,957,0.349,500,721,0.693,11.5,111.0,37.0,99.5,114.0,74.8,4.0,-0.076,324.0,7.83,49.0,3.96,59.0,106.9,33.0,99.1,69.0
,,37.0,109,LSU,SEC,31,21,10,0.677,W1,12,6,0.667,15,2,5,7,1,1,0,3,0,0,0.0,0.0,2495,2271,80.48387096774194,73.25806451612904,886,1880,0.471,211,645,0.327,512,666,0.769,15.62,118.1,4.0,102.4,179.0,70.0,84.0,-0.02,237.0,7.18,56.0,2.01,103.0,105.8,61.0,98.6,55.0
,,96.0,156,Georgia,SEC,32,16,16,0.5,W1,5,13,0.278,12,5,2,9,2,2,2,4,0,0,0.0,0.0,2428,2418,75.875,75.5625,875,1941,0.451,223,743,0.3,455,648,0.7020000000000001,7.44,108.2,71.0,100.8,136.0,70.5,64.0,-0.017,232.0,8.15,43.0,1.66,117.0,106.9,34.0,98.7,59.0
,,47.0,220,Arkansas,SEC,32,20,12,0.625,W1,7,11,0.389,14,4,5,8,1,0,0,2,0,0,0.0,0.0,2426,2228,75.8125,69.625,808,1825,0.443,243,728,0.334,567,776,0.731,13.59,109.1,55.0,95.5,57.0,71.2,45.0,-0.047,298.0,6.53,64.0,1.28,136.0,106.7,36.0,100.2,88.0
20.0,20.0,33.0,129,Auburn,SEC,31,25,6,0.8059999999999999,W1,12,6,0.667,16,1,5,5,4,0,2,1,0,0,0.0,0.0,2419,2182,78.03225806451613,70.38709677419354,808,1868,0.433,252,824,0.306,551,818,0.674,15.91,111.4,33.0,95.5,55.0,69.2,127.0,0.103,7.0,6.7,62.0,1.38,133.0,107.0,32.0,100.3,90.0
8.0,8.0,29.0,190,Kentucky,SEC,31,25,6,0.8059999999999999,W1,15,3,0.833,16,2,8,2,1,2,4,2,0,0,0.0,0.0,2307,2049,74.41935483870971,66.09677419354838,795,1723,0.461,157,458,0.343,560,703,0.797,17.6,112.7,24.0,95.1,52.0,67.7,215.0,0.018000000000000002,138.0,6.37,66.0,-0.87,207.0,105.9,57.0,99.6,78.0
,,169.0,229,Vanderbilt,SEC,32,11,21,0.344,L1,3,15,0.16699999999999998,10,10,1,9,0,2,1,3,0,0,0.0,0.0,2295,2399,71.71875,74.96875,760,1776,0.428,262,786,0.333,513,736,0.6970000000000001,0.14,104.7,139.0,104.5,221.0,69.4,109.0,-0.061,316.0,5.97,75.0,-5.62,330.0,105.9,58.0,100.0,85.0
,,48.0,230,Mississippi State,SEC,31,20,11,0.645,W1,11,7,0.611,14,2,4,7,2,2,0,3,0,0,0.0,0.0,2275,2112,73.38709677419354,68.12903225806451,802,1713,0.468,161,479,0.336,510,676,0.754,13.57,113.4,19.0,99.8,119.0,66.2,276.0,-0.001,187.0,6.27,70.0,0.07,178.0,106.0,50.0,99.7,83.0
,,69.0,288,South Carolina,SEC,31,18,13,0.581,L1,10,8,0.556,12,5,6,6,0,2,2,1,0,0,0.0,0.0,2275,2156,73.38709677419354,69.54838709677419,832,1890,0.44,174,561,0.31,437,696,0.628,10.66,105.4,122.0,94.7,50.0,73.1,17.0,-0.023,247.0,6.1,72.0,-0.56,196.0,105.4,68.0,99.3,72.0
,,,219,Florida,,31,19,12,0.613,L1,11,7,0.611,11,4,4,7,4,1,2,4,0,0,0.0,0.0,2228,2047,71.87096774193549,66.03225806451613,791,1729,0.457,221,636,0.34700000000000003,425,588,0.723,,,,,,,,,,,,,,,,,
,,102.0,306,Ole Miss,SEC,32,15,17,0.469,L2,6,12,0.333,12,5,1,10,2,2,0,7,0,0,0.0,0.0,2208,2193,69.0,68.53125,769,1780,0.4320000000000001,192,600,0.32,478,655,0.73,6.72,103.7,158.0,97.0,74.0,68.0,196.0,-0.042,285.0,6.58,63.0,-3.68,291.0,106.1,48.0,99.5,77.0
,,97.0,315,Missouri,SEC,31,15,16,0.484,W1,7,11,0.389,12,4,2,10,1,2,1,4,0,0,0.0,0.0,2081,2020,67.12903225806451,65.16129032258064,700,1707,0.41,205,690,0.297,476,610,0.78,7.44,104.1,150.0,96.7,71.0,66.5,267.0,-0.057,313.0,7.22,55.0,0.12,175.0,106.0,52.0,98.8,61.0
,,68.0,318,Tennessee,SEC,31,17,14,0.5479999999999999,L1,9,9,0.5,11,6,4,7,2,1,3,5,0,0,0.0,0.0,2079,1990,67.06451612903226,64.19354838709678,715,1656,0.4320000000000001,187,598,0.313,462,616,0.75,10.8,106.6,96.0,95.8,62.0,65.2,313.0,-0.02,235.0,8.11,45.0,2.75,79.0,106.2,47.0,98.1,45.0
,,131.0,343,Texas A&M,SEC,30,16,14,0.5329999999999999,W2,10,8,0.556,11,6,5,4,0,4,1,2,0,0,0.0,0.0,1894,1955,63.13333333333333,65.16666666666667,634,1570,0.404,189,643,0.294,437,645,0.6779999999999999,3.77,101.0,203.0,97.2,77.0,64.5,334.0,0.098,10.0,6.1,73.0,-3.2,278.0,105.8,60.0,99.7,82.0
,,56.0,44,East Tennessee State,SC,34,30,4,0.882,W12,16,2,0.889,16,1,11,3,3,0,0,1,0,0,0.0,0.0,2593,2146,78.57575757575758,63.11764705882353,919,1936,0.475,260,752,0.34600000000000003,495,713,0.6940000000000001,12.23,108.2,69.0,96.0,65.0,66.1,281.0,0.067,33.0,-1.96,201.0,-0.64,199.0,103.0,129.0,105.0,273.0
,,154.0,103,Wofford,SC,35,19,16,0.5429999999999999,L1,8,10,0.444,10,5,6,10,3,1,1,1,0,0,0.0,0.0,2523,2399,78.84375,68.54285714285714,909,1974,0.46,336,952,0.353,369,518,0.7120000000000001,1.08,104.5,142.0,103.4,197.0,65.9,293.0,-0.019,233.0,-1.03,178.0,-1.8,238.0,102.3,163.0,103.3,185.0
,,81.0,8,Furman,SC,32,25,7,0.7809999999999999,L1,15,3,0.833,14,1,10,5,1,1,0,1,0,0,0.0,0.0,2457,2123,79.25806451612904,66.34375,881,1857,0.474,302,859,0.35200000000000004,393,561,0.701,9.59,107.7,78.0,98.1,85.0,68.2,187.0,0.041,75.0,-0.81,170.0,1.74,114.0,102.9,132.0,103.8,207.0
,,321.0,23,Samford,SC,33,10,23,0.303,L1,4,14,0.222,7,8,3,14,0,1,0,0,0,0,0.0,0.0,2448,2711,66.16216216216216,82.15151515151516,862,1999,0.431,219,661,0.331,505,679,0.7440000000000001,-14.01,98.6,245.0,112.6,332.0,72.8,25.0,0.008,166.0,0.07,144.0,0.08,176.0,103.5,114.0,103.4,194.0
,,156.0,93,Western Carolina,SC,31,19,12,0.613,L1,10,8,0.556,10,4,8,7,1,1,0,0,0,0,0.0,0.0,2444,2317,78.83870967741936,74.74193548387096,837,1790,0.468,302,818,0.369,468,659,0.71,1.04,107.3,83.0,106.3,263.0,71.5,43.0,0.049,53.0,-0.93,174.0,-1.67,232.0,102.2,171.0,103.2,177.0
,,147.0,111,Chattanooga,SC,33,20,13,0.606,L1,10,8,0.556,10,4,7,8,3,1,0,1,0,0,0.0,0.0,2410,2261,70.88235294117645,68.51515151515152,868,1907,0.455,281,787,0.35700000000000004,393,552,0.7120000000000001,1.87,106.6,93.0,104.8,225.0,67.0,248.0,0.025,114.0,-1.7,194.0,-3.57,287.0,101.6,210.0,103.3,188.0
,,257.0,51,VMI,SC,33,9,24,0.273,L1,3,15,0.16699999999999998,5,10,2,12,2,2,0,0,0,0,0.0,0.0,2380,2346,56.66666666666666,71.0909090909091,852,1991,0.428,359,1012,0.355,317,448,0.708,-7.96,100.2,215.0,108.1,296.0,67.9,203.0,-0.14300000000000002,352.0,-2.27,211.0,-6.37,340.0,102.2,174.0,104.5,250.0
,,92.0,79,UNC Greensboro,SC,32,23,9,0.7190000000000001,L3,13,5,0.722,14,4,9,4,0,1,0,1,0,0,0.0,0.0,2372,2020,79.06666666666666,63.125,879,2035,0.4320000000000001,279,861,0.324,335,529,0.633,8.12,103.7,160.0,95.5,58.0,67.8,210.0,-0.009000000000000001,208.0,-1.77,196.0,-1.46,228.0,102.2,168.0,104.0,224.0
,,198.0,95,Mercer,SC,32,17,15,0.531,L1,11,7,0.611,9,6,8,6,0,3,0,0,0,0,0.0,0.0,2294,2248,60.368421052631575,70.25,847,1885,0.449,246,686,0.359,354,490,0.722,-2.61,100.1,216.0,102.7,188.0,68.1,192.0,0.014,148.0,-2.16,206.0,-4.91,319.0,101.8,194.0,104.0,221.0
,,334.0,94,The Citadel,SC,30,6,24,0.2,L19,0,18,0.0,3,11,3,12,0,1,0,0,0,0,0.0,0.0,2244,2433,62.33333333333334,81.1,789,1820,0.434,280,853,0.328,386,559,0.691,-17.25,94.9,305.0,112.2,328.0,73.7,10.0,0.02,129.0,0.01,147.0,-2.59,260.0,103.2,121.0,103.1,176.0
,,276.0,49,McNeese,Slnd,32,15,17,0.469,L1,10,10,0.5,10,5,5,11,0,1,0,0,0,0,0.0,0.0,2540,2390,79.375,74.6875,911,1833,0.4970000000000001,269,675,0.399,449,620,0.7240000000000001,-9.32,103.0,172.0,112.3,330.0,69.0,137.0,-0.039,281.0,-6.68,314.0,7.69,17.0,99.2,304.0,105.9,313.0
,,100.0,37,Stephen F. Austin,Slnd,31,28,3,0.903,W15,19,1,0.95,16,1,12,2,0,0,1,0,0,0,0.0,0.0,2499,2077,80.61290322580646,67.0,887,1806,0.491,179,494,0.362,546,790,0.691,7.0,104.1,152.0,97.1,75.0,71.8,39.0,0.042,73.0,-8.13,338.0,0.55,162.0,98.6,325.0,106.7,337.0
,,212.0,16,Sam Houston State,Slnd,31,18,13,0.581,L3,11,9,0.55,12,3,6,10,0,0,0,0,0,0,0.0,0.0,2417,2242,77.96774193548387,72.3225806451613,874,1937,0.451,236,690,0.342,433,584,0.741,-4.13,99.5,229.0,103.7,200.0,71.1,48.0,-0.028,258.0,-5.71,290.0,4.54,47.0,100.1,257.0,105.9,312.0
,,193.0,48,Nicholls,Slnd,31,21,10,0.677,W3,15,5,0.75,13,1,7,8,1,1,0,1,0,0,0.0,0.0,2388,2144,77.03225806451613,69.16129032258064,881,1985,0.444,249,739,0.337,377,504,0.748,-1.82,99.7,223.0,101.5,158.0,68.7,158.0,0.05,51.0,-6.25,303.0,11.95,7.0,99.9,269.0,106.2,322.0
,,184.0,173,Abilene Christian,Slnd,31,20,11,0.645,W1,15,5,0.75,13,3,7,8,0,0,0,0,0,0,0.0,0.0,2352,2024,75.87096774193549,65.29032258064517,814,1813,0.449,209,676,0.309,515,695,0.741,-1.14,99.1,239.0,100.2,126.0,68.4,172.0,-0.023,245.0,-7.05,323.0,5.58,33.0,99.6,292.0,106.6,335.0
,,342.0,248,Houston Baptist,Slnd,29,4,25,0.138,L1,4,16,0.2,2,9,2,15,0,1,0,2,0,0,0.0,0.0,2323,2723,80.10344827586206,93.89655172413794,798,1800,0.443,216,594,0.364,511,684,0.747,-19.38,102.9,175.0,122.3,352.0,76.1,2.0,0.002,181.0,-3.12,227.0,13.24,3.0,101.0,234.0,104.1,229.0
,,283.0,131,Central Arkansas,Slnd,31,10,21,0.32299999999999995,L3,9,11,0.45,8,4,2,16,0,1,0,2,0,0,0.0,0.0,2316,2553,74.70967741935483,82.35483870967742,777,1842,0.422,231,744,0.31,531,741,0.7170000000000001,-9.56,98.0,256.0,107.6,285.0,73.2,15.0,-0.021,238.0,-2.02,203.0,12.93,4.0,101.9,188.0,104.0,222.0
,,236.0,128,Lamar,Slnd,32,17,15,0.531,W1,10,10,0.5,10,5,6,10,1,0,0,1,0,0,0.0,0.0,2312,2227,72.25,69.59375,831,1903,0.4370000000000001,189,572,0.33,461,654,0.705,-6.16,96.3,283.0,102.5,180.0,69.6,99.0,0.003,176.0,-6.24,302.0,2.31,96.0,100.1,261.0,106.3,327.0
,,270.0,309,Northwestern State,Slnd,30,15,15,0.5,W3,11,9,0.55,9,5,5,10,1,0,0,0,0,0,0.0,0.0,2265,2270,75.5,75.66666666666667,797,1802,0.442,234,658,0.35600000000000004,437,596,0.733,-8.87,98.3,251.0,107.1,278.0,72.4,29.0,0.015,147.0,-7.15,325.0,5.85,31.0,100.0,268.0,107.2,346.0
,,326.0,105,New Orleans,Slnd,30,9,21,0.3,W1,5,15,0.25,6,8,3,13,0,0,0,1,0,0,0.0,0.0,2262,2323,75.4,77.43333333333334,800,1731,0.462,155,459,0.338,507,681,0.7440000000000001,-15.51,99.3,233.0,114.8,342.0,69.8,94.0,-0.044,290.0,-4.21,244.0,15.78,1.0,100.6,243.0,104.8,264.0
,,336.0,287,SE Louisiana,Slnd,31,8,23,0.258,L1,5,15,0.25,6,8,2,14,0,1,0,0,0,0,0.0,0.0,2157,2429,69.58064516129032,78.35483870967742,779,1873,0.416,198,669,0.29600000000000004,401,594,0.675,-17.62,92.0,338.0,109.6,312.0,72.1,33.0,-0.008,206.0,-4.86,262.0,4.94,40.0,100.3,254.0,105.2,278.0
,,303.0,276,Texas A&M-CC,Slnd,32,14,18,0.438,L1,10,10,0.5,10,6,4,11,0,1,0,0,0,0,0.0,0.0,2109,2199,65.90625,68.71875,740,1668,0.444,245,653,0.375,387,547,0.7070000000000001,-11.71,94.3,317.0,106.0,257.0,65.7,303.0,0.029,105.0,-6.58,312.0,0.37,167.0,99.6,290.0,106.2,321.0
,,345.0,322,Incarnate Word,Slnd,31,9,22,0.29,L5,6,14,0.3,7,9,2,13,0,0,0,0,0,0,0.0,0.0,2050,2292,66.12903225806451,73.93548387096773,726,1741,0.417,187,623,0.3,411,558,0.737,-22.46,90.3,341.0,112.8,333.0,66.1,283.0,0.066,34.0,-6.92,320.0,-2.27,251.0,99.3,301.0,106.3,325.0
,,278.0,273,Texas Southern,SWAC,32,16,16,0.5,W1,12,6,0.667,11,1,5,15,0,0,0,2,0,0,0.0,0.0,2335,2431,72.96875,75.96875,806,1927,0.418,168,552,0.304,555,786,0.706,-9.42,99.1,237.0,108.6,304.0,72.9,22.0,0.086,13.0,-5.49,284.0,14.38,2.0,97.6,338.0,103.1,175.0
,,213.0,267,Prairie View A&M,SWAC,32,19,13,0.594,W1,14,4,0.778,12,0,6,12,1,1,0,0,0,0,0.0,0.0,2302,2186,71.9375,68.3125,813,1837,0.443,151,493,0.306,525,741,0.7090000000000001,-4.16,96.3,282.0,100.5,131.0,70.7,61.0,-0.001,186.0,-7.97,333.0,9.36,11.0,96.3,348.0,104.3,243.0
,,324.0,209,Alcorn State,SWAC,30,15,15,0.5,L1,11,7,0.611,11,2,4,13,0,0,0,1,0,0,0.0,0.0,2251,2196,75.03333333333333,73.2,784,1836,0.4270000000000001,268,733,0.366,415,558,0.7440000000000001,-14.36,96.9,271.0,111.3,322.0,70.1,82.0,0.037000000000000005,85.0,-8.46,341.0,9.06,12.0,95.1,352.0,103.6,200.0
,,250.0,264,Southern,SWAC,32,17,15,0.531,W8,13,5,0.722,11,1,5,14,1,0,0,1,0,0,0.0,0.0,2234,2147,69.8125,67.09375,816,1854,0.44,171,548,0.312,431,635,0.679,-7.57,97.2,267.0,104.8,224.0,66.8,256.0,0.006,168.0,-8.34,340.0,6.45,26.0,96.6,345.0,105.0,272.0
,,309.0,153,Grambling,SWAC,31,17,15,0.531,L1,11,7,0.611,11,2,6,12,0,1,0,1,0,0,0.0,0.0,2280,2188,71.25,68.375,812,1786,0.455,152,492,0.309,444,652,0.6809999999999999,-11.99,93.1,328.0,105.1,235.0,68.7,151.0,0.046,61.0,-9.04,346.0,5.03,38.0,96.6,346.0,105.6,301.0
,,281.0,294,Jackson State,SWAC,32,15,17,0.469,W5,11,7,0.611,9,3,6,14,0,0,0,2,0,0,0.0,0.0,2153,2157,67.28125,67.40625,787,1856,0.424,143,541,0.264,436,649,0.672,-9.55,92.8,333.0,102.3,176.0,68.7,157.0,-0.012,218.0,-7.8,330.0,7.6,18.0,97.1,341.0,104.9,271.0
,,351.0,345,Mississippi Valley State,SWAC,29,3,27,0.1,W1,3,15,0.16699999999999998,1,8,2,19,0,0,0,0,0,0,0.0,0.0,2048,2690,68.26666666666667,89.66666666666669,721,1969,0.366,239,819,0.292,286,447,0.64,-27.87,89.8,345.0,117.6,349.0,77.1,1.0,-0.027000000000000003,254.0,-6.01,297.0,5.14,37.0,97.8,334.0,103.9,215.0
,,332.0,336,Alabama State,SWAC,32,8,24,0.25,L7,7,11,0.389,4,5,2,16,2,3,0,4,0,0,0.0,0.0,1965,2273,61.40625,71.03125,683,1763,0.387,208,687,0.303,391,629,0.622,-17.19,86.2,350.0,103.4,198.0,69.7,97.0,-0.022,241.0,-5.47,282.0,10.67,9.0,98.7,321.0,104.2,236.0
,,343.0,342,Alabama A&M,SWAC,30,8,22,0.267,L2,5,13,0.278,6,5,2,16,0,1,0,0,0,0,0.0,0.0,1845,2146,61.5,71.53333333333333,656,1727,0.38,154,548,0.281,379,565,0.6709999999999999,-20.22,87.9,348.0,108.2,297.0,67.7,213.0,0.014,150.0,-8.13,337.0,2.36,94.0,96.3,347.0,104.5,249.0
,,348.0,353,Arkansas-Pine Bluff,SWAC,29,4,26,0.133,L3,3,15,0.16699999999999998,2,8,2,18,0,0,0,1,0,0,0.0,0.0,1615,2049,53.83333333333334,68.3,571,1437,0.397,112,414,0.271,315,536,0.588,-25.63,79.0,353.0,104.6,223.0,66.1,284.0,-0.008,207.0,-4.63,254.0,12.03,5.0,98.7,322.0,103.3,182.0
,,177.0,12,South Dakota,Sum,32,20,12,0.625,L1,10,6,0.625,13,2,5,8,2,2,0,1,0,0,0.0,0.0,2547,2374,79.59375,74.1875,889,1806,0.4920000000000001,233,596,0.391,536,710,0.755,-0.36,108.6,63.0,108.9,307.0,70.0,85.0,0.011,159.0,-3.99,241.0,-2.78,268.0,101.4,221.0,105.4,286.0
,,119.0,2,South Dakota State,Sum,32,22,10,0.688,L2,13,3,0.813,16,0,6,9,0,1,0,1,0,0,0.0,0.0,2493,2256,77.90625,70.5,914,1861,0.491,235,677,0.34700000000000003,430,608,0.7070000000000001,4.72,110.0,46.0,105.3,241.0,68.0,201.0,-0.022,242.0,-4.79,259.0,-3.54,285.0,100.7,242.0,105.5,291.0
,,135.0,57,Oral Roberts,Sum,31,17,14,0.5479999999999999,L1,9,7,0.563,13,1,3,12,1,1,0,0,0,0,0.0,0.0,2485,2265,80.16129032258064,73.06451612903227,898,2004,0.448,253,758,0.334,436,582,0.7490000000000001,3.34,108.2,70.0,104.9,231.0,70.4,68.0,-0.103,341.0,-0.49,160.0,12.03,6.0,104.4,95.0,104.9,268.0
,,231.0,21,North Dakota,Sum,33,15,18,0.455,L1,7,9,0.438,8,3,4,13,3,2,0,1,0,0,0.0,0.0,2470,2467,74.84848484848484,74.75757575757575,855,1875,0.456,259,762,0.34,501,658,0.7609999999999999,-5.49,102.2,183.0,107.7,287.0,68.9,145.0,0.038,83.0,0.35,136.0,6.91,24.0,104.2,100.0,103.8,212.0
,,112.0,96,North Dakota State,Sum,33,25,8,0.758,W5,13,3,0.813,13,1,8,6,4,1,0,0,0,0,0.0,0.0,2467,2183,74.75757575757575,66.15151515151516,837,1878,0.446,303,852,0.35600000000000004,490,614,0.7979999999999999,5.56,106.8,91.0,101.2,148.0,66.0,287.0,0.032,99.0,-3.91,239.0,-1.84,240.0,101.8,193.0,105.7,308.0
,,219.0,46,Omaha,Sum,32,16,16,0.5,L2,9,7,0.563,12,2,4,13,0,1,0,1,0,0,0.0,0.0,2352,2461,73.5,76.90625,886,1973,0.449,200,592,0.338,380,534,0.7120000000000001,-4.5,103.2,170.0,107.7,286.0,69.2,126.0,0.077,18.0,-0.24,152.0,4.54,48.0,104.0,104.0,104.3,238.0
,,261.0,91,Purdue Fort Wayne,Sum,33,14,19,0.424,L1,6,10,0.375,10,5,3,13,1,1,0,1,0,0,0.0,0.0,2261,2320,68.51515151515152,70.3030303030303,830,1945,0.4270000000000001,274,867,0.316,327,488,0.67,-8.43,95.4,299.0,103.8,204.0,67.9,205.0,-0.006,202.0,-2.76,220.0,-2.54,255.0,103.7,107.0,106.5,331.0
,,305.0,141,Denver,Sum,31,7,24,0.226,L1,3,13,0.188,6,8,0,14,1,2,0,1,0,0,0.0,0.0,2135,2360,68.87096774193549,76.12903225806451,770,1734,0.444,162,504,0.321,433,628,0.6890000000000001,-11.75,95.0,303.0,106.8,274.0,70.9,53.0,-0.044,291.0,-1.67,193.0,-0.59,197.0,103.2,119.0,104.9,269.0
,,330.0,249,Western Illinois,Sum,26,5,21,0.192,L11,2,14,0.125,4,10,1,11,0,0,0,0,0,0,0.0,0.0,1934,2126,74.38461538461539,81.76923076923076,710,1667,0.426,226,612,0.369,288,368,0.7829999999999999,-16.68,98.3,250.0,115.0,343.0,71.3,44.0,-0.08199999999999999,332.0,-3.06,223.0,-4.75,316.0,102.5,151.0,105.5,296.0
,,190.0,25,Coastal Carolina,SB,33,16,17,0.485,L1,8,12,0.4,9,10,7,7,0,2,0,1,0,0,0.0,0.0,2573,2518,77.96969696969697,76.3030303030303,915,2030,0.451,242,719,0.337,501,700,0.716,-1.33,104.8,134.0,106.2,261.0,72.8,26.0,-0.033,270.0,-0.29,154.0,-3.87,295.0,102.3,166.0,102.6,152.0
,,126.0,24,Georgia State,SB,32,19,13,0.594,L1,12,8,0.6,12,3,6,10,1,0,0,1,0,0,0.0,0.0,2499,2311,78.09375,72.21875,879,2005,0.438,278,767,0.362,463,626,0.74,4.29,105.6,115.0,101.4,156.0,73.0,19.0,-0.035,273.0,0.56,132.0,4.84,42.0,102.7,142.0,102.2,130.0
,,134.0,53,Georgia Southern,SB,33,20,13,0.606,W2,12,8,0.6,11,4,8,8,1,1,0,1,0,0,0.0,0.0,2494,2332,75.57575757575758,70.66666666666667,874,1979,0.442,260,792,0.328,486,721,0.674,3.39,102.2,184.0,98.8,102.0,71.8,41.0,0.005,170.0,-0.35,157.0,1.11,142.0,102.9,133.0,103.3,181.0
,,226.0,150,Louisiana,SB,33,14,19,0.424,L1,8,12,0.4,10,6,3,12,1,1,0,0,0,0,0.0,0.0,2416,2514,73.21212121212122,76.18181818181819,825,1972,0.418,259,806,0.321,507,682,0.743,-4.89,101.3,196.0,106.2,262.0,71.8,37.0,0.02,131.0,-0.38,158.0,-1.69,234.0,102.6,145.0,103.0,170.0
,,93.0,99,Texas State,SB,32,21,11,0.6559999999999999,W1,13,7,0.65,15,3,6,8,0,0,0,1,0,0,0.0,0.0,2339,2058,73.09375,64.3125,840,1835,0.458,166,510,0.325,493,652,0.7559999999999999,7.91,106.3,101.0,98.3,93.0,65.2,312.0,-0.05,303.0,-0.69,167.0,0.28,173.0,102.0,184.0,102.7,162.0
,,129.0,86,Little Rock,SB,31,21,10,0.677,L1,15,5,0.75,13,2,8,8,0,0,0,1,0,0,0.0,0.0,2270,2152,73.2258064516129,69.41935483870968,777,1653,0.47,188,543,0.34600000000000003,528,744,0.71,3.93,106.4,99.0,102.5,184.0,69.3,125.0,0.069,29.0,-0.59,162.0,1.35,134.0,102.1,180.0,102.7,156.0
,,206.0,75,Arkansas St,SB,32,16,16,0.5,L1,8,12,0.4,10,7,6,9,0,0,0,0,0,0,0.0,0.0,2262,2301,70.6875,71.90625,750,1718,0.4370000000000001,184,545,0.338,578,814,0.71,-3.29,104.2,148.0,107.5,284.0,67.3,237.0,0.042,74.0,-0.47,159.0,-0.17,183.0,102.4,159.0,102.8,166.0
,,130.0,123,UT Arlington,SB,32,14,18,0.438,L1,10,10,0.5,8,8,6,9,0,1,0,2,0,0,0.0,0.0,2259,2189,70.59375,68.40625,800,1926,0.415,250,807,0.31,409,547,0.748,3.87,102.3,180.0,98.4,95.0,67.7,214.0,-0.13,349.0,2.34,111.0,11.6,8.0,104.7,87.0,102.4,141.0
,,175.0,188,Appalachian State,SB,33,18,15,0.545,L1,11,9,0.55,10,5,7,9,1,1,0,0,0,0,0.0,0.0,2256,2222,68.36363636363636,67.33333333333333,775,1800,0.431,212,699,0.303,494,741,0.667,-0.27,99.9,220.0,100.2,127.0,67.2,240.0,0.041,77.0,0.64,130.0,1.61,121.0,103.1,126.0,102.4,146.0
,,155.0,61,South Alabama,SB,31,20,11,0.645,W8,13,7,0.65,11,5,7,5,2,1,0,1,0,0,0.0,0.0,2209,2092,71.25806451612904,67.48387096774194,782,1661,0.471,166,502,0.331,479,661,0.725,1.05,104.9,130.0,103.9,209.0,65.3,310.0,0.063,40.0,-1.01,177.0,-0.54,195.0,102.0,182.0,103.1,171.0
,,293.0,83,Troy,SB,31,9,22,0.29,L7,5,15,0.25,6,9,3,13,0,0,0,0,0,0,0.0,0.0,2131,2276,68.74193548387096,73.41935483870971,750,1881,0.399,261,824,0.317,370,549,0.674,-10.43,96.2,284.0,106.6,268.0,69.3,119.0,-0.027000000000000003,256.0,-0.83,172.0,-2.74,264.0,102.3,164.0,103.1,173.0
,,252.0,327,UL Monroe,SB,29,9,20,0.31,L2,5,15,0.25,7,8,2,12,0,0,0,1,0,0,0.0,0.0,1831,1956,63.13793103448275,67.44827586206897,653,1556,0.42,180,539,0.334,345,506,0.682,-7.68,96.1,287.0,103.7,201.0,64.9,322.0,-0.056,311.0,0.58,131.0,1.79,111.0,103.1,123.0,102.5,150.0
2.0,2.0,2.0,1,Gonzaga,WCC,33,31,2,0.939,W4,15,1,0.938,17,0,10,1,4,1,3,1,0,0,0.0,0.0,2885,2239,87.42424242424242,67.84848484848484,1048,2035,0.515,246,637,0.386,543,789,0.688,26.95,121.3,1.0,94.4,43.0,71.9,35.0,0.05,50.0,2.42,109.0,-2.09,245.0,103.5,115.0,101.0,99.0
,,38.0,18,Saint Mary's,WCC,34,26,8,0.765,L1,11,5,0.688,14,3,6,3,6,2,2,4,0,0,0.0,0.0,2559,2276,75.26470588235293,66.94117647058823,922,1925,0.479,276,697,0.396,439,582,0.754,15.19,113.7,16.0,98.5,96.0,63.9,339.0,0.055,46.0,4.46,88.0,-0.32,188.0,105.4,70.0,100.9,97.0
18.0,18.0,13.0,6,BYU,WCC,32,24,8,0.75,L1,13,3,0.813,14,1,6,5,4,2,1,2,0,0,0.0,0.0,2548,2188,79.625,68.375,949,1897,0.5,332,785,0.423,318,454,0.7,20.68,116.3,7.0,95.6,60.0,69.5,108.0,-0.028,259.0,6.06,74.0,7.4,20.0,106.0,49.0,100.0,86.0
,,74.0,15,San Francisco,WCC,34,22,12,0.647,L1,9,7,0.563,13,5,7,6,2,1,0,3,0,0,0.0,0.0,2546,2339,74.88235294117645,68.79411764705883,906,2050,0.442,300,899,0.334,434,603,0.72,10.13,108.3,68.0,98.2,88.0,68.7,155.0,-0.006,201.0,2.96,102.0,-1.43,226.0,104.4,92.0,101.5,110.0
,,151.0,9,Santa Clara,WCC,33,20,13,0.606,L1,6,10,0.375,16,5,3,7,1,1,0,3,0,0,0.0,0.0,2498,2365,75.6969696969697,71.66666666666667,877,1898,0.462,249,704,0.354,495,667,0.742,1.22,102.6,176.0,101.3,154.0,71.6,42.0,0.049,52.0,-1.84,199.0,-11.52,352.0,101.7,202.0,103.6,199.0
,,139.0,45,Pepperdine,WCC,32,16,16,0.5,L1,8,8,0.5,9,5,6,7,1,4,0,4,0,0,0.0,0.0,2441,2466,76.28125,77.0625,840,1934,0.434,255,726,0.35100000000000003,506,639,0.792,2.87,107.2,85.0,104.4,217.0,70.8,57.0,0.034,95.0,3.22,97.0,0.3,170.0,104.3,96.0,101.1,100.0
,,120.0,32,Pacific,WCC,33,23,10,0.6970000000000001,L1,11,5,0.688,15,3,7,5,1,2,0,1,0,0,0.0,0.0,2300,2128,69.6969696969697,64.48484848484848,843,1872,0.45,180,530,0.34,434,651,0.667,4.7,103.8,156.0,99.1,107.0,64.9,323.0,0.07200000000000001,24.0,-1.29,182.0,-7.9,346.0,101.9,190.0,103.2,179.0
,,286.0,120,Portland,WCC,32,9,23,0.281,L15,1,15,0.063,7,9,2,10,0,4,0,1,0,0,0.0,0.0,2126,2309,66.4375,72.15625,758,1769,0.428,216,633,0.341,394,582,0.677,-9.93,94.4,314.0,104.3,216.0,69.3,122.0,-0.015,226.0,1.74,117.0,-4.31,305.0,103.7,108.0,102.0,124.0
,,230.0,140,San Diego,WCC,32,9,23,0.281,L6,2,14,0.125,6,9,3,10,0,4,0,4,0,0,0.0,0.0,2101,2319,65.65625,72.46875,760,1843,0.412,196,633,0.31,385,572,0.6729999999999999,-5.38,94.4,315.0,99.8,117.0,70.2,78.0,-0.032,267.0,4.48,87.0,1.42,130.0,105.4,69.0,101.0,98.0
,,209.0,225,Loyola Marymount,WCC,32,11,21,0.344,L1,4,12,0.25,7,9,2,9,2,3,0,4,0,0,0.0,0.0,2057,2168,64.28125,67.75,751,1616,0.465,173,560,0.309,382,561,0.6809999999999999,-3.42,100.6,209.0,104.0,211.0,63.0,349.0,-0.022,240.0,3.4,95.0,-2.23,249.0,105.0,83.0,101.6,113.0
,,202.0,43,California Baptist,WAC,31,21,10,0.677,L2,10,6,0.625,15,5,6,5,0,1,0,0,0,0,0.0,0.0,2465,2170,79.51612903225806,70.0,826,1868,0.442,306,806,0.38,507,645,0.7859999999999999,-2.73,105.3,124.0,108.1,295.0,68.6,162.0,0.029,104.0,-7.75,328.0,-6.96,344.0,98.5,326.0,106.2,323.0
,,91.0,119,New Mexico State,WAC,31,25,6,0.8059999999999999,W19,16,0,1.0,13,1,9,4,3,1,0,1,0,0,0.0,0.0,2214,1852,71.41935483870971,59.74193548387096,774,1700,0.455,283,798,0.355,383,534,0.7170000000000001,8.14,107.6,80.0,99.4,113.0,63.5,343.0,0.06,42.0,-4.86,261.0,1.26,139.0,99.7,284.0,104.6,254.0
,,249.0,259,UT Rio Grande Valley,WAC,30,14,16,0.467,W2,9,7,0.563,11,3,3,11,0,2,0,1,0,0,0.0,0.0,2189,2143,72.96666666666667,71.43333333333334,779,1789,0.435,191,557,0.343,440,614,0.7170000000000001,-7.32,98.7,244.0,106.0,256.0,70.4,66.0,-0.013,221.0,-3.2,229.0,4.75,43.0,101.5,216.0,104.7,261.0
,,214.0,39,Seattle,WAC,29,14,15,0.483,L1,7,7,0.5,10,4,3,10,1,1,0,1,0,0,0.0,0.0,2177,2110,75.06896551724137,72.75862068965517,731,1800,0.406,209,679,0.308,506,653,0.775,-4.34,101.2,200.0,105.5,247.0,69.9,91.0,-0.051,306.0,-4.72,256.0,-2.76,267.0,100.1,260.0,104.8,265.0
,,265.0,254,Grand Canyon,WAC,30,13,17,0.433,W1,8,8,0.5,8,8,4,6,1,3,0,0,0,0,0.0,0.0,2116,2191,70.53333333333333,73.03333333333333,740,1641,0.451,180,541,0.333,456,611,0.746,-8.68,103.4,164.0,112.1,327.0,68.0,198.0,0.02,130.0,-5.37,274.0,-2.57,259.0,99.1,310.0,104.4,247.0
,,266.0,121,CSU Bakersfield,WAC,31,12,19,0.387,L2,6,10,0.375,9,7,3,12,0,0,0,2,0,0,0.0,0.0,2109,2097,68.03225806451613,67.64516129032258,785,1803,0.435,154,491,0.314,385,563,0.684,-8.7,96.2,286.0,104.9,228.0,64.9,321.0,-0.063,318.0,-3.58,234.0,2.55,89.0,101.9,192.0,105.4,290.0
,,253.0,101,Utah Valley,WAC,30,11,19,0.3670000000000001,L2,5,10,0.333,6,7,5,12,0,0,0,1,0,0,0.0,0.0,2105,2131,70.16666666666667,71.03333333333333,748,1696,0.441,192,635,0.302,417,585,0.713,-7.74,96.5,277.0,104.2,215.0,70.4,69.0,-0.092,338.0,-3.73,237.0,-0.71,201.0,100.9,235.0,104.7,256.0
,,235.0,149,UMKC,WAC,30,16,14,0.5329999999999999,W4,8,7,0.5329999999999999,9,4,5,8,2,2,0,1,0,0,0.0,0.0,2094,1976,69.8,65.86666666666666,771,1684,0.458,214,596,0.359,338,494,0.684,-6.09,97.5,263.0,103.6,199.0,64.9,327.0,0.048,56.0,-3.7,236.0,2.57,86.0,101.8,195.0,105.5,294.0
,,353.0,147,Chicago State,WAC,29,4,25,0.138,L19,0,14,0.0,3,11,1,12,0,2,0,0,0,0,0.0,0.0,1781,2372,61.41379310344828,81.79310344827586,596,1446,0.412,162,507,0.32,427,592,0.721,-33.99,86.9,349.0,120.8,351.0,69.0,135.0,-0.029,262.0,-3.64,235.0,-0.75,204.0,100.6,244.0,104.3,240.0
