KP19_Rank,KP19_Team,KP19_Conference,KP19_Ajusted Efficiency Margin,KP19_Adjusted Offensive Efficiency,KP19_AOE Rk,KP19_Adjusted Defensive Efficiency,KP19_ADE Rk,KP19_Adjusted Tempo,KP19_AT Rk,KP19_Luck,KP19_Luck Rk,KP19_Strength of Schedule,KP19_SOS Rk,KP19_Average Opponents Offensive Efficiency,KP19_AOOE Rk,KP19_Average Opponents Defensive Efficiency,KP19_AODE Rk,KP19_Non-Conference Strength of Schedule,KP19_NCSOS Rk,KP19_W,KP19_L,TeamID
1,Virginia,ACC,34.22,123.4,2,89.2,5,59.4,353,0.05,62,11.18,22,109.2,34,98.1,14,-3.24,255,35,3,349
2,Gonzaga,WCC,32.85,124.5,1,91.6,12,70.2,62,-0.001,180,4.46,75,106.9,69,102.5,87,1.87,105,33,4,1
3,Michigan St.,B10,30.81,121.0,5,90.2,9,66.9,211,0.001,177,13.67,2,110.6,7,96.9,1,3.24,82,32,7,78
4,Duke,ACC,30.62,120.0,7,89.3,6,72.1,20,0.018000000000000002,134,12.85,7,110.7,4,97.8,11,5.08,40,32,6,27
5,Texas Tech,B12,30.03,114.1,25,84.1,1,66.6,231,0.004,171,11.18,21,109.8,19,98.7,22,-5.39,307,31,7,242
6,Michigan,B10,28.32,114.5,24,86.2,2,64.8,317,-0.001,181,11.27,20,109.2,35,98.0,12,-5.42,309,30,7,160
7,North Carolina,ACC,27.69,119.7,8,92.0,15,74.3,6,0.024,116,12.6,8,110.7,2,98.1,15,5.69,28,29,7,281
8,Kentucky,SEC,27.57,117.6,14,90.1,8,65.6,284,0.033,98,11.32,19,110.7,5,99.4,34,1.75,107,30,7,190
9,Purdue,B10,26.81,122.5,4,95.6,34,65.9,268,-0.015,224,13.16,4,110.3,13,97.1,3,4.09,55,26,10,203
10,Tennessee,SEC,26.24,122.7,3,96.5,42,67.8,164,0.034,96,10.69,25,109.7,23,99.0,28,0.92,129,31,6,318
11,Auburn,SEC,25.0,120.9,6,95.9,36,67.9,155,0.008,162,12.23,11,110.7,3,98.5,20,2.63,96,30,10,129
12,Houston,Amer,24.13,115.3,19,91.2,11,66.1,260,0.039,86,4.45,76,105.7,92,101.3,62,-4.16,283,33,4,130
13,Virginia Tech,ACC,24.07,118.1,11,94.0,20,63.7,334,-0.005,195,8.47,47,108.3,49,99.9,42,-6.26,325,26,9,182
14,Florida St.,ACC,22.39,112.8,36,90.4,10,68.6,121,0.046,70,10.46,30,109.8,20,99.3,33,0.93,128,29,8,193
15,Iowa St.,B12,22.09,118.9,9,96.8,47,67.7,171,-0.063,316,10.78,23,109.3,29,98.5,21,-1.56,206,23,12,180
16,Wisconsin,B10,21.94,110.4,62,88.5,4,63.9,331,-0.018000000000000002,228,12.97,6,110.3,14,97.3,6,3.14,87,23,11,222
17,Kansas,B12,21.57,113.9,27,92.3,17,70.1,66,0.076,26,14.13,1,111.8,1,97.7,8,10.36,4,26,10,169
18,Wofford,SC,20.69,118.1,10,97.4,56,65.7,278,0.046,68,1.82,97,106.0,83,104.2,144,8.37,6,30,5,103
19,LSU,SEC,20.22,117.7,12,97.5,59,70.0,67,0.063,36,10.02,35,109.3,30,99.3,32,2.77,92,28,7,109
20,Kansas St.,B12,20.06,108.4,98,88.4,3,63.4,339,0.049,65,10.22,32,109.3,31,99.1,29,-0.96,186,25,9,323
21,Mississippi St.,SEC,20.04,117.7,13,97.6,61,67.8,161,-0.038,270,10.09,34,110.1,17,100.0,44,2.22,100,23,11,230
22,Buffalo,MAC,19.85,115.2,21,95.4,31,73.6,11,0.055999999999999994,50,3.14,89,105.5,100,102.4,82,1.15,121,32,4,20
23,Louisville,ACC,19.35,113.7,28,94.4,24,67.2,199,-0.06,309,11.95,16,110.4,10,98.4,19,5.36,32,20,14,134
24,Maryland,B10,19.29,113.4,31,94.1,21,66.0,264,-0.004,189,10.75,24,109.8,18,99.1,30,-4.92,299,23,11,194
25,Texas,B12,19.11,113.5,29,94.4,26,64.7,320,-0.08,332,11.96,15,110.3,12,98.3,17,4.98,41,21,16,320
26,Florida 10,SEC,18.3,110.5,61,92.2,16,62.9,344,-0.063,315,12.0,14,110.7,6,98.7,23,5.12,39,20,16,219
27,Nevada,MWC,18.18,114.0,26,95.9,35,69.3,91,0.033,99,1.42,103,105.4,111,103.9,130,1.79,106,29,5,69
28,Oregon,P12,17.86,109.5,74,91.7,13,64.2,328,-0.048,292,5.47,66,107.7,59,102.3,78,0.43,145,25,13,47
29,Cincinnati,Amer,17.5,112.3,42,94.8,28,63.4,338,0.05,64,5.12,67,107.1,66,102.0,73,-2.85,243,28,7,166
30,Villanova,BE,17.33,116.5,16,99.2,81,63.6,335,0.044000000000000004,73,8.0,51,108.8,44,100.8,55,3.32,78,26,10,208
31,Saint Mary's,WCC,17.31,114.7,23,97.4,55,62.7,348,-0.045,285,3.66,82,106.6,76,103.0,100,-0.9,183,22,12,18
32,Oklahoma,B12,16.94,111.1,57,94.1,23,68.6,123,0.023,119,13.27,3,110.3,11,97.1,2,7.44,12,20,14,251
33,Marquette,BE,16.52,113.2,32,96.7,45,68.8,116,0.01,154,6.77,57,107.4,63,100.7,51,0.29,151,24,10,33
34,UCF,Amer,16.51,112.1,44,95.6,33,65.0,309,0.011000000000000001,152,4.99,69,105.9,90,100.9,57,-3.71,264,24,9,296
35,Baylor,B12,16.48,115.3,20,98.8,75,65.2,297,-0.028999999999999998,255,10.49,28,108.8,43,98.3,18,-4.04,276,20,14,298
36,Clemson,ACC,16.14,108.0,106,91.8,14,66.2,252,-0.066,320,8.49,45,108.2,53,99.7,40,0.82,134,20,14,299
37,Iowa 10,B10,16.02,117.4,15,101.3,111,69.5,84,0.05,63,10.64,26,108.9,42,98.3,16,-6.49,329,23,12,50
38,Utah St.,MWC,15.41,112.6,39,97.2,52,68.1,145,0.012,149,0.02,139,104.5,147,104.4,158,0.81,135,28,7,7
39,Syracuse,ACC,15.13,110.5,59,95.3,30,66.1,257,-0.004,188,9.4,38,108.6,46,99.2,31,0.17,156,20,14,155
40,TCU,B12,15.04,110.3,64,95.2,29,68.9,107,0.02,129,9.66,36,109.1,37,99.5,36,-0.99,187,23,14,291
41,N.C. State,ACC,14.98,113.1,34,98.1,62,71.0,39,-0.004,190,5.84,62,106.8,72,101.0,60,-12.35,353,24,12,104
42,VCU,A10,14.89,104.3,177,89.5,7,68.4,136,0.006999999999999999,164,1.37,105,105.2,120,103.8,123,3.6,67,25,8,187
43,Penn St.,B10,14.89,109.4,77,94.5,27,67.6,172,-0.102,343,12.43,10,110.2,16,97.7,9,4.05,57,14,18,77
44,Ohio St.,B10,14.66,109.1,84,94.4,25,65.8,274,0.013000000000000001,147,11.68,17,110.4,8,98.8,24,-2.95,246,20,15,163
45,Lipscomb,ASun,14.55,111.7,50,97.2,49,73.3,12,-0.013000000000000001,220,0.08,136,103.9,178,103.8,122,6.56,19,29,8,139
46,Minnesota 10,B10,14.35,111.4,52,97.0,48,67.4,186,0.086,15,12.18,12,110.2,15,98.0,13,-2.91,244,22,14,181
47,Nebraska,B10,14.35,113.5,30,99.1,79,66.4,238,-0.046,288,12.55,9,109.7,22,97.2,4,-0.17,168,19,17,176
48,Washington,P12,14.28,107.7,110,93.5,18,66.0,262,0.08800000000000001,13,6.06,61,107.6,62,101.5,64,2.73,93,27,9,143
49,Belmont,OVC,14.09,115.6,18,101.5,117,71.3,34,0.025,113,-1.98,194,103.6,183,105.6,198,3.78,63,27,6,13
50,Mississippi,SEC,13.98,113.2,33,99.2,80,68.5,131,-0.006999999999999999,203,8.69,43,109.1,38,100.4,49,-1.11,191,20,13,306
51,Murray St.,OVC,13.83,112.5,41,98.6,73,69.4,89,0.054000000000000006,54,-3.32,233,103.1,222,106.4,228,-1.13,192,28,5,72
52,Indiana,B10,13.73,109.1,82,95.4,32,66.9,215,-0.034,262,10.62,27,109.4,28,98.8,25,-1.57,207,19,16,132
53,New Mexico St.,WAC,13.62,113.0,35,99.3,84,65.9,269,0.042,79,-3.44,236,102.8,235,106.2,222,-3.22,254,30,5,119
54,Arkansas,SEC,12.92,110.1,66,97.2,53,70.4,57,-0.048,291,8.48,46,108.2,52,99.7,41,0.09,159,18,16,220
55,Creighton,BE,12.67,112.0,47,99.3,83,68.7,118,-0.034,261,8.07,48,109.0,41,100.9,58,5.14,38,20,15,38
56,Memphis,Amer,11.78,109.2,81,97.4,54,74.2,7,-0.032,258,4.41,77,106.0,86,101.6,65,0.01,162,22,14,211
57,Arizona St.,P12,11.55,109.7,73,98.2,64,70.8,47,0.051,59,5.56,65,107.3,64,101.7,66,1.55,112,23,11,235
58,Liberty,ASun,11.54,111.1,54,99.6,87,62.3,349,0.009000000000000001,158,-3.27,230,102.5,245,105.8,203,-3.2,252,29,7,198
59,Furman,SC,11.52,108.9,89,97.4,57,66.6,230,0.016,142,-1.18,169,105.2,122,106.4,227,-2.58,236,25,8,8
60,Seton Hall 10,BE,11.5,109.0,87,97.5,60,69.1,100,0.023,120,8.54,44,109.2,36,100.7,52,3.58,68,20,14,117
61,Toledo,MAC,11.29,109.8,70,98.5,69,67.8,165,0.044000000000000004,76,0.7,122,104.9,130,104.2,141,-4.05,277,25,8,82
62,Dayton,A10,11.27,112.1,43,100.8,103,64.7,322,-0.047,289,1.24,108,104.4,153,103.1,103,1.49,114,21,12,26
63,Colorado,P12,10.75,106.8,131,96.1,39,68.1,147,-0.027999999999999997,254,2.29,95,106.0,87,103.7,116,-4.96,300,23,13,184
64,Alabama,SEC,10.68,108.2,103,97.5,58,68.7,117,0.024,114,10.1,33,109.7,24,99.6,37,3.89,62,18,16,65
65,Xavier,BE,10.6,111.1,56,100.5,102,65.2,302,-0.004,192,7.48,55,108.7,45,101.2,61,1.04,124,19,16,195
66,Wichita St.,Amer,10.1,106.6,135,96.5,44,68.3,142,0.036000000000000004,90,6.24,59,107.0,68,100.7,54,3.07,90,22,15,148
67,San Francisco,WCC,9.93,112.0,45,102.1,125,66.6,232,-0.022000000000000002,240,-0.52,152,104.1,163,104.6,163,-6.75,331,21,10,15
68,Missouri,SEC,9.78,107.0,127,97.2,51,64.8,318,-0.017,227,9.53,37,109.8,21,100.2,47,0.39,146,15,17,315
69,Temple,Amer,9.72,109.2,80,99.5,85,68.9,110,0.064,35,4.55,74,106.3,77,101.8,68,-1.07,188,23,10,302
70,South Carolina,SEC,9.55,108.1,104,98.6,71,70.2,61,0.022000000000000002,125,10.48,29,109.5,26,99.0,27,2.26,99,16,16,288
71,Fresno St.,MWC,9.36,108.4,100,99.0,77,67.9,157,-0.011000000000000001,216,-2.03,198,103.6,195,105.6,197,-5.21,304,23,9,252
72,Butler,BE,9.24,111.3,53,102.1,123,66.0,263,-0.043,280,7.74,53,108.6,47,100.8,56,3.3,80,16,17,167
73,UC Irvine,BW,9.16,107.4,118,98.2,65,65.3,293,0.11,8,-3.28,231,102.5,243,105.8,204,1.25,117,31,6,85
74,Northwestern,B10,9.06,102.9,204,93.8,19,66.0,265,-0.111,348,8.94,41,108.3,50,99.4,35,-6.1,323,13,19,317
75,Miami FL,ACC,9.03,109.9,68,100.8,104,67.0,208,-0.07200000000000001,327,8.03,50,108.1,54,100.1,45,-3.5,261,14,18,256
76,Vermont,AE,8.86,108.5,97,99.6,88,65.5,285,0.043,77,-5.55,281,100.7,311,106.2,221,3.2,85,27,7,168
77,Yale,Ivy,8.79,111.6,51,102.8,141,71.0,41,0.040999999999999995,80,-1.1,167,103.0,224,104.2,140,-2.09,222,22,8,189
78,Rutgers,B10,8.76,105.6,152,96.8,46,67.7,170,-0.02,234,10.22,31,109.2,33,99.0,26,-5.1,303,14,17,197
79,Providence,BE,8.65,105.0,164,96.3,41,67.9,158,-0.018000000000000002,231,6.14,60,108.5,48,102.4,84,-2.58,237,18,16,125
80,East Tennessee St.,SC,8.48,109.9,67,101.4,115,67.2,201,0.011000000000000001,153,-1.29,172,105.4,110,106.6,241,-2.21,229,24,10,44
81,Oregon St.,P12,8.33,111.7,48,103.4,150,65.7,280,-0.04,272,3.33,87,105.5,101,102.1,74,-3.48,260,18,13,116
82,USC,P12,8.25,109.8,72,101.5,118,69.6,83,-0.096,342,3.68,81,105.6,97,101.9,70,-2.26,231,16,17,152
83,Oklahoma St.,B12,8.16,109.5,75,101.3,110,66.1,261,-0.01,211,13.12,5,110.4,9,97.3,5,5.41,31,12,20,313
84,Illinois,B10,7.97,109.1,83,101.1,108,70.6,52,-0.052000000000000005,297,12.16,13,109.6,25,97.5,7,3.39,76,12,21,107
85,Davidson,A10,7.78,108.2,102,100.4,98,64.7,319,0.054000000000000006,55,0.66,123,104.6,142,103.9,128,2.06,101,24,10,280
86,BYU,WCC,7.72,112.0,46,104.3,162,70.9,44,0.027000000000000003,106,2.93,91,106.0,85,103.1,102,-0.12,166,19,13,6
87,UNC Greensboro,SC,7.63,106.4,141,98.8,74,67.8,159,0.16699999999999998,1,-0.37,149,105.7,95,106.0,214,-3.22,253,29,7,79
88,St. John's,BE,7.61,108.6,92,101.0,106,70.8,46,0.06,44,5.0,68,106.9,70,101.9,71,-6.49,330,21,13,59
89,Northeastern,CAA,7.59,111.0,58,103.4,151,66.2,253,0.05,61,-0.63,157,106.3,78,106.9,259,6.45,23,23,11,88
90,San Diego,WCC,7.58,105.9,147,98.3,67,66.9,213,-0.006,199,3.27,88,106.1,82,102.8,96,-0.09,165,21,15,140
91,Texas A&M,SEC,7.49,107.2,120,99.7,89,67.4,187,-0.021,238,9.37,39,109.0,40,99.7,39,-0.19,170,14,18,343
92,South Dakota St.,Sum,7.46,112.7,37,105.3,183,71.0,40,-0.034,263,-5.84,287,102.5,252,108.3,324,-4.58,294,24,9,2
93,Hofstra,CAA,7.37,116.4,17,109.0,262,67.5,181,0.017,139,-5.59,285,102.4,255,108.0,314,-6.41,327,27,8,19
94,Arizona,P12,7.35,105.5,153,98.2,63,66.7,227,-0.013000000000000001,222,5.62,63,107.8,56,102.2,77,3.27,81,17,15,81
95,West Virginia,B12,7.15,109.8,71,102.7,135,70.6,49,0.018000000000000002,137,11.6,18,109.4,27,97.8,10,0.18,155,15,21,232
96,Northern Kentucky,Horz,7.14,109.4,76,102.3,130,68.2,143,-0.001,182,-3.37,234,103.6,186,107.0,262,-2.57,235,26,9,41
97,Notre Dame,ACC,6.95,108.0,105,101.1,107,65.2,298,-0.055,302,7.73,54,108.0,55,100.3,48,-5.59,315,14,19,196
98,Connecticut,Amer,6.78,109.0,85,102.2,129,68.6,122,-0.07,323,3.79,79,105.6,98,101.8,67,-5.7,318,16,17,271
99,South Florida,Amer,6.63,102.6,208,95.9,37,67.5,184,-0.024,244,0.44,128,104.9,133,104.4,155,-7.43,335,24,14,319
100,Georgetown,BE,6.45,108.9,90,102.5,133,71.9,25,0.04,83,4.98,70,107.7,61,102.7,90,-4.53,292,19,14,35
101,Pittsburgh,ACC,6.35,104.9,168,98.5,70,67.0,206,-0.094,340,6.77,56,107.7,58,101.0,59,-9.1,344,14,19,274
102,UCLA,P12,6.34,109.0,88,102.7,137,72.5,17,0.006999999999999999,163,5.61,64,107.8,57,102.2,75,3.6,66,17,16,238
103,Georgia Southern,SB,6.33,108.5,94,102.2,128,73.2,14,-0.009000000000000001,209,0.77,120,105.5,102,104.7,166,4.6,49,21,12,53
104,Utah Valley,WAC,6.22,108.5,96,102.3,131,68.8,115,0.037000000000000005,88,-2.03,197,103.9,174,105.9,211,-0.24,172,25,10,101
105,Bowling Green,MAC,6.04,108.4,99,102.3,132,70.5,54,0.035,94,1.13,113,105.3,115,104.2,143,-4.56,293,22,12,122
106,Saint Louis,A10,6.02,102.2,214,96.2,40,66.4,239,0.044000000000000004,74,0.49,126,104.4,150,103.9,129,-1.44,200,23,13,186
107,SMU,Amer,5.98,112.7,38,106.7,221,65.0,310,-0.07,322,3.48,83,105.3,116,101.8,69,-5.79,319,15,17,170
108,Akron,MAC,5.87,100.0,259,94.1,22,66.2,254,-0.105,344,1.16,110,105.4,104,104.3,149,-5.43,310,17,16,159
109,Utah,P12,5.85,114.8,22,108.9,257,66.4,240,0.031,102,4.8,72,106.1,81,101.3,63,-0.8,181,17,14,201
110,Jacksonville St.,OVC,5.81,105.4,157,99.6,86,67.6,173,0.003,174,-4.25,259,102.2,266,106.5,234,0.1,158,24,9,89
111,Grand Canyon,WAC,5.49,107.6,113,102.1,124,67.8,162,-0.038,269,-0.81,162,104.1,164,104.9,172,-0.13,167,20,14,254
112,Stanford,P12,5.47,103.7,187,98.2,66,69.9,71,-0.027000000000000003,250,4.39,78,106.8,71,102.4,86,0.83,132,15,16,241
113,Old Dominion,CUSA,5.45,101.4,238,96.0,38,64.5,324,0.057999999999999996,49,-2.15,203,102.5,244,104.7,165,-6.06,322,26,9,275
114,Harvard,Ivy,5.32,105.7,150,100.4,99,67.3,193,0.048,66,2.5,93,105.4,107,102.9,99,3.4,75,19,12,321
115,Georgia Tech,ACC,5.26,101.7,228,96.5,43,66.8,225,-0.023,242,8.04,49,107.7,60,99.7,38,-4.96,301,14,18,263
116,Western Kentucky,CUSA,5.2,105.1,162,99.9,92,67.7,168,-0.0,179,1.26,106,104.1,167,102.8,97,4.87,44,20,14,98
117,Wright St.,Horz,5.02,107.1,122,102.0,122,65.2,305,-0.04,275,-1.35,175,105.1,123,106.5,232,2.95,91,21,14,3
118,DePaul,BE,5.02,111.7,49,106.7,223,70.1,64,-0.018000000000000002,229,3.33,86,105.6,96,102.3,80,-8.64,342,19,17,126
119,Tulsa,Amer,4.94,105.4,158,100.4,100,68.8,114,0.04,82,3.45,84,105.8,91,102.4,85,-2.97,248,18,14,210
120,Southern Miss,CUSA,4.93,107.1,121,102.2,127,64.8,316,-0.005,197,0.02,138,103.4,202,103.4,107,2.48,98,20,13,206
121,St. Bonaventure,A10,4.92,102.1,218,97.2,50,64.0,330,-0.044000000000000004,284,-0.36,148,103.4,200,103.8,121,-1.25,196,18,16,261
122,Radford,BSth,4.88,109.3,79,104.4,164,64.4,326,-0.006999999999999999,202,-0.84,163,104.5,148,105.3,191,6.99,18,22,11,237
123,Charleston,CAA,4.87,108.5,93,103.7,153,65.4,289,0.019,130,-3.87,251,104.9,129,108.8,340,0.03,160,24,9,136
124,Georgia St.,SB,4.85,107.7,111,102.8,143,70.0,69,0.14300000000000002,2,1.09,115,105.2,121,104.1,137,3.5,70,24,10,24
125,San Diego St.,MWC,4.83,103.9,184,99.0,78,66.7,229,0.055999999999999994,52,1.2,109,105.3,113,104.1,139,-0.94,185,21,13,66
126,Colgate,Pat,4.6,110.5,60,105.9,201,66.4,237,0.012,148,-3.83,250,102.4,254,106.3,223,0.84,131,24,11,64
127,Boston College,ACC,4.52,107.2,119,102.7,138,67.3,192,0.019,132,6.58,58,107.3,65,100.7,53,-6.95,332,14,17,305
128,Austin Peay,OVC,4.29,111.1,55,106.8,226,69.0,105,-0.009000000000000001,207,-3.6,241,103.3,204,106.9,258,1.4,115,22,11,31
129,Central Michigan,MAC,4.27,110.4,63,106.1,206,71.3,33,0.022000000000000002,126,-0.39,150,103.7,182,104.1,133,-10.08,348,23,12,68
130,Penn,Ivy,4.21,104.1,181,99.9,94,66.9,217,0.02,128,0.03,137,103.6,190,103.5,114,0.37,148,19,12,335
131,Loyola Chicago,MVC,4.18,104.2,180,100.0,97,62.7,346,-0.019,233,-1.58,181,102.5,249,104.1,134,-1.81,214,20,14,157
132,Georgia,SEC,4.13,106.1,143,102.0,120,68.4,134,-0.077,331,8.92,42,109.1,39,100.1,46,-1.7,210,11,21,156
133,Ball St.,MAC,3.91,102.5,209,98.6,72,70.3,59,-0.08800000000000001,337,1.65,99,105.0,126,103.4,106,-0.54,177,16,17,260
134,Loyola Marymount,WCC,3.84,103.6,191,99.8,90,62.7,347,0.066,33,0.1,134,104.3,154,104.2,146,-5.47,313,22,12,225
135,Drake,MVC,3.76,106.5,137,102.8,139,69.3,94,0.081,21,-1.58,179,102.4,256,104.0,131,0.47,140,24,10,137
136,Northern Illinois,MAC,3.72,109.0,86,105.3,185,65.9,267,-0.071,325,1.49,102,104.7,139,103.2,104,-2.13,223,17,17,258
137,Montana,BSky,3.53,107.4,114,103.9,155,66.9,220,0.059000000000000004,45,-6.07,288,102.4,259,108.4,328,4.03,58,26,9,304
138,Texas St.,SB,3.53,102.4,212,98.8,76,65.1,306,0.022000000000000002,123,-3.08,223,103.4,199,106.5,233,-5.93,320,24,10,99
139,Boise St.,MWC,3.13,107.4,116,104.2,161,65.5,286,-0.192,353,0.09,135,104.0,171,103.9,127,0.47,141,13,20,36
140,Louisiana Monroe,SB,2.9,112.5,40,109.6,271,66.3,244,-0.057,305,-2.39,211,103.4,201,105.8,201,-4.02,275,19,16,327
141,Louisiana Tech,CUSA,2.88,105.0,163,102.1,126,65.4,288,-0.046,287,-2.19,206,102.1,272,104.3,150,-4.19,284,20,13,115
142,Rhode Island,A10,2.44,103.8,185,101.4,112,67.5,180,0.018000000000000002,136,0.51,124,103.1,216,102.6,89,-2.15,225,18,15,227
143,Kent St.,MAC,2.38,109.9,69,107.5,236,67.5,183,0.129,3,1.25,107,104.8,135,103.5,113,-4.15,282,22,11,34
144,Samford,SC,1.88,106.6,136,104.7,170,69.2,99,-0.076,330,-2.24,208,104.6,144,106.8,250,-6.13,324,17,16,23
145,Bucknell,Pat,1.85,105.8,149,103.9,156,70.7,48,0.052000000000000005,57,-3.13,225,103.3,206,106.4,230,2.68,95,21,12,185
146,Southern Illinois,MVC,1.79,104.6,172,102.8,140,65.8,275,-0.01,210,-1.12,168,103.0,226,104.1,138,0.46,142,17,15,290
147,UAB,CUSA,1.7,107.1,123,105.4,187,65.2,299,-0.021,237,-1.93,191,101.7,280,103.6,115,-5.23,305,20,15,250
148,Miami OH,MAC,1.62,104.8,169,103.2,146,66.3,245,-0.025,247,3.13,90,105.7,94,102.5,88,-0.36,174,15,17,204
149,UTSA,CUSA,1.54,105.8,148,104.3,163,72.1,19,-0.017,226,0.5,125,103.2,211,102.7,91,4.13,54,17,15,30
150,UT Arlington,SB,1.45,101.3,241,99.9,93,66.3,251,0.038,87,1.15,112,105.0,127,103.9,126,5.43,30,17,16,123
151,Pepperdine,WCC,1.43,107.0,124,105.6,194,70.3,58,-0.057,304,-0.19,144,104.1,161,104.3,153,-7.0,333,16,18,45
152,Abilene Christian,Slnd,1.35,103.4,196,102.0,121,66.1,256,0.12300000000000001,5,-8.67,341,100.0,326,108.7,336,-4.75,295,27,7,173
153,Brown,Ivy,1.24,99.6,269,98.4,68,71.1,36,0.027000000000000003,107,-2.49,212,102.5,248,105.0,177,-5.66,317,20,12,346
154,Coastal Carolina,SB,1.03,106.8,132,105.7,197,69.8,76,-0.071,326,-0.98,165,105.2,119,106.2,220,-0.54,176,17,17,25
155,Vanderbilt,SEC,0.81,102.2,215,101.4,116,67.3,194,-0.109,346,9.34,40,109.3,32,99.9,43,-2.95,245,9,23,229
156,George Mason,A10,0.56,104.6,173,104.0,157,67.7,167,0.023,121,-1.58,180,102.3,265,103.8,125,-3.39,258,18,15,236
157,Marshall,CUSA,0.56,106.9,128,106.3,213,74.3,5,0.125,4,-1.27,170,103.0,228,104.2,145,1.56,111,23,14,73
158,North Texas,CUSA,0.53,99.8,265,99.3,82,65.3,294,-0.006999999999999999,204,-3.97,255,101.1,300,105.1,186,-9.49,346,21,12,62
159,Eastern Michigan,MAC,0.47,103.4,195,103.0,144,62.9,345,-0.006,198,4.92,71,107.1,67,102.2,76,8.22,8,15,17,301
160,Charleston Southern,BSth,0.17,101.1,246,101.0,105,69.5,87,-0.085,335,-3.22,228,103.5,197,106.7,247,4.0,59,18,16,234
161,Bradley,MVC,0.09,101.5,234,101.4,113,65.3,292,0.035,93,-1.66,183,102.6,242,104.3,147,-3.94,272,20,15,90
162,Florida Atlantic,CUSA,0.03,99.9,263,99.9,91,67.4,188,-0.052000000000000005,298,-1.32,174,103.0,227,104.3,151,-1.4,199,17,16,108
163,Gardner Webb,BSth,-0.04,107.8,109,107.8,245,67.4,189,0.07,29,-3.55,239,103.2,210,106.8,248,-4.07,278,23,12,289
164,Nebraska Omaha,Sum,-0.2,110.2,65,110.4,289,67.9,153,0.109,9,-3.64,242,103.9,177,107.5,283,2.52,97,21,11,46
165,UNLV,MWC,-0.29,106.1,146,106.4,215,67.5,182,0.013999999999999999,144,-2.28,210,103.1,219,105.4,192,-3.42,259,17,14,58
166,Stony Brook,AE,-0.42,99.5,271,99.9,95,69.3,90,0.057999999999999996,48,-6.81,303,100.2,321,107.0,265,-3.31,257,24,9,67
167,North Florida,ASun,-0.69,104.1,182,104.8,173,71.9,24,0.015,143,1.59,101,103.9,172,102.4,81,10.41,3,16,17,11
168,Winthrop,BSth,-0.74,107.0,126,107.8,244,72.7,16,0.016,140,-2.61,214,103.3,207,105.9,209,1.75,108,18,12,10
169,Lehigh,Pat,-0.79,108.9,91,109.7,272,71.6,29,0.083,19,-4.34,260,102.3,262,106.6,239,-1.5,201,20,11,240
170,Hampton,BSth,-0.85,107.4,115,108.2,251,71.3,32,-0.091,339,-3.87,252,103.0,225,106.9,255,-1.77,212,18,17,71
171,Missouri St.,MVC,-0.85,103.1,199,104.0,158,65.4,287,-0.021,236,-1.74,186,102.8,233,104.6,162,-1.9,216,16,16,213
172,UC Santa Barbara,BW,-0.86,105.3,160,106.1,208,64.7,321,0.035,92,-7.31,316,101.4,286,108.7,339,-7.68,336,22,10,183
173,Duquesne,A10,-0.9,104.6,171,105.5,190,69.8,73,0.055,53,-2.8,216,101.8,278,104.6,164,-7.26,334,19,13,262
174,Wake Forest,ACC,-0.93,104.4,175,105.3,186,67.6,179,0.04,85,7.92,52,108.3,51,100.4,50,-6.46,328,11,20,247
175,Princeton,Ivy,-1.06,98.9,279,100.0,96,67.6,177,0.10099999999999999,10,0.16,133,104.3,155,104.2,142,-1.24,195,16,12,348
176,Sam Houston St.,Slnd,-1.09,106.1,145,107.2,229,66.3,249,0.022000000000000002,124,-5.57,284,101.0,302,106.6,238,3.15,86,21,12,16
177,Northern Iowa,MVC,-1.15,101.5,235,102.7,136,64.4,327,0.004,168,0.29,130,103.1,221,102.8,95,3.42,73,16,18,92
178,Louisiana,SB,-1.21,106.7,133,107.9,246,72.1,21,0.085,16,-1.41,177,104.6,145,106.0,213,-1.5,202,19,13,150
179,Presbyterian,BSth,-1.32,109.3,78,110.7,293,67.8,166,-0.043,281,-3.96,254,102.8,232,106.8,252,-1.18,194,20,16,224
180,Colorado St.,MWC,-1.39,107.6,112,109.0,261,67.1,204,-0.111,349,-0.21,145,104.7,141,104.9,173,-1.91,217,12,20,22
181,Campbell,BSth,-1.49,108.3,101,109.8,278,65.7,281,0.023,118,-3.79,248,103.6,193,107.4,277,-2.06,221,20,13,151
182,UT Rio Grande Valley,WAC,-1.5,99.6,270,101.1,109,70.4,56,0.026000000000000002,108,-2.13,202,102.8,236,104.9,174,-1.07,189,20,17,259
183,NJIT,ASun,-1.54,101.8,227,103.3,149,66.9,216,0.084,18,-4.07,256,102.0,275,106.0,215,-4.15,281,22,13,303
184,Ohio,MAC,-1.55,98.9,278,100.5,101,69.2,95,0.062,38,3.39,85,106.8,74,103.4,108,0.7,136,14,17,205
185,Green Bay,Horz,-1.56,104.9,166,106.5,219,73.2,13,0.08,23,-0.59,155,105.4,109,106.0,212,7.58,11,21,17,4
186,Santa Clara,WCC,-1.77,102.1,217,103.9,154,66.3,242,0.059000000000000004,47,-0.65,158,104.4,152,105.0,178,-9.38,345,16,15,9
187,Oakland,Horz,-1.77,107.8,107,109.6,268,68.7,119,-0.002,183,-2.07,201,104.9,132,106.9,256,1.63,110,16,17,216
188,New Mexico,MWC,-1.85,104.1,183,105.9,202,72.8,15,-0.027999999999999997,253,0.26,131,104.3,158,104.0,132,-0.25,173,14,18,5
189,Saint Joseph's,A10,-1.89,105.4,159,107.2,231,68.5,127,-0.012,219,0.48,127,103.2,212,102.7,92,0.44,143,14,19,223
190,Seattle,WAC,-1.99,100.8,248,102.8,142,67.2,198,-0.04,273,-5.06,276,102.3,260,107.4,279,-8.81,343,18,15,39
191,IUPUI,Horz,-2.07,103.8,186,105.8,200,68.9,111,-0.066,318,-3.11,224,103.9,173,107.0,264,-3.74,266,16,17,113
192,Purdue Fort Wayne,Sum,-2.17,106.8,130,109.0,260,71.6,26,-0.002,186,-3.69,245,104.1,162,107.8,304,0.03,161,18,15,91
193,Northern Colorado,BSky,-2.27,102.6,206,104.9,178,66.5,236,0.05,60,-7.99,332,101.4,288,109.4,348,-1.59,208,21,11,293
194,Hartford,AE,-2.32,108.5,95,110.8,297,66.7,228,-0.008,205,-5.42,279,101.3,291,106.7,245,0.53,139,18,15,221
195,Texas Southern,SWAC,-2.35,105.2,161,107.5,238,74.7,4,0.063,37,-6.57,299,99.6,334,106.1,218,12.53,1,24,14,273
196,Illinois Chicago,Horz,-2.78,100.8,249,103.5,152,70.0,68,-0.002,184,-2.2,207,104.9,134,107.1,266,0.31,149,16,16,142
197,Cal Baptist,WAC,-2.82,106.1,144,108.9,258,67.9,156,-0.07,324,-3.47,237,102.4,253,105.9,208,-5.65,316,16,15,43
198,Iona,MAAC,-2.88,106.9,129,109.7,276,70.6,51,-0.024,245,-6.27,290,100.5,314,106.8,251,0.44,144,17,16,351
199,Mercer,SC,-3.06,103.4,193,106.5,220,66.8,224,-0.113,350,1.1,114,106.1,80,105.0,179,1.13,123,11,20,95
200,American,Pat,-3.12,102.1,220,105.2,182,66.6,233,-0.11900000000000001,351,-7.64,323,100.5,317,108.1,317,-10.8,350,15,15,257
201,Hawaii,BW,-3.12,103.7,188,106.8,225,66.3,243,-0.005,194,-6.27,291,100.9,306,107.1,269,-5.32,306,18,13,272
202,North Dakota St.,Sum,-3.2,107.4,117,110.6,292,65.0,312,0.064,34,-2.85,217,104.8,138,107.6,292,3.23,84,19,16,96
203,Richmond,A10,-3.31,107.0,125,110.3,287,65.9,266,-0.08800000000000001,338,-2.99,220,101.3,292,104.3,148,-7.82,338,13,20,106
204,FIU,CUSA,-3.41,102.4,211,105.8,198,77.6,1,0.115,7,-1.01,166,102.1,274,103.1,101,-2.2,227,20,14,14
205,Illinois St.,MVC,-3.45,101.4,240,104.8,175,66.7,226,0.084,17,-0.6,156,103.1,220,103.7,117,1.02,125,17,16,286
206,Appalachian St.,SB,-3.53,106.2,142,109.7,274,71.6,28,-0.083,334,1.03,116,105.3,112,104.3,152,5.33,35,11,21,188
207,Washington St.,P12,-3.79,106.4,140,110.2,284,70.6,50,-0.059000000000000004,307,1.63,100,105.3,114,103.7,118,-10.53,349,11,21,118
208,Indiana St.,MVC,-3.99,101.4,239,105.4,188,68.9,106,0.026000000000000002,110,-0.04,140,102.7,240,102.7,93,3.1,88,15,16,270
209,Prairie View A&M,SWAC,-4.13,102.1,219,106.2,210,71.1,38,0.061,39,-7.85,331,98.8,343,106.7,243,6.15,26,22,13,267
210,Cal St. Fullerton,BW,-4.15,98.3,286,102.5,134,69.9,72,0.003,176,-1.7,184,103.6,192,105.3,189,7.12,15,16,18,255
211,Fairleigh Dickinson,NEC,-4.22,106.5,139,110.7,295,66.8,223,0.04,81,-8.16,338,99.5,335,107.7,296,-1.86,215,21,14,279
212,Rider,MAAC,-4.44,101.5,236,105.9,203,73.9,8,-0.032,259,-7.09,309,100.6,312,107.7,300,-0.18,169,16,15,233
213,Florida Gulf Coast,ASun,-4.52,101.6,233,106.1,207,67.9,152,-0.003,187,-0.94,164,103.5,196,104.5,159,3.72,65,14,18,245
214,South Alabama,SB,-4.52,103.1,200,107.7,241,66.3,241,0.012,150,-3.7,246,102.9,231,106.6,237,-8.18,341,17,17,61
215,Columbia,Ivy,-4.55,101.9,222,106.5,218,67.6,178,-0.06,308,-1.28,171,103.2,214,104.4,156,-3.74,265,10,18,324
216,Pacific,WCC,-4.56,100.0,256,104.6,166,65.1,308,0.045,71,1.38,104,105.9,88,104.5,161,-3.81,269,14,18,32
217,Lamar,Slnd,-4.66,103.3,197,107.9,247,68.3,141,0.009000000000000001,157,-7.68,324,100.6,313,108.3,322,1.97,102,20,13,128
218,Dartmouth,Ivy,-4.7,103.4,194,108.1,250,65.9,271,-0.109,347,-2.04,200,102.7,239,104.7,171,-5.46,312,11,19,350
219,William & Mary,CAA,-4.79,103.6,190,108.4,255,68.6,120,0.028999999999999998,104,-2.25,209,105.7,93,107.9,311,3.09,89,14,17,40
220,Valparaiso,MVC,-4.89,98.2,291,103.1,145,65.2,300,0.003,172,-2.02,196,102.1,271,104.1,136,-3.65,263,15,18,76
221,Cornell,Ivy,-4.99,99.9,264,104.9,179,67.9,154,0.07400000000000001,27,-0.41,151,104.0,169,104.4,154,-1.38,198,15,16,352
222,Little Rock,SB,-4.99,100.0,260,105.0,180,70.4,55,-0.149,352,-1.96,193,104.3,157,106.3,224,-2.51,233,10,21,86
223,High Point,BSth,-5.0,99.7,267,104.7,169,63.7,333,0.019,131,-3.82,249,103.7,180,107.6,288,-2.67,239,16,15,253
224,Weber St.,BSky,-5.03,101.7,229,106.7,222,71.1,37,-0.022000000000000002,239,-7.14,311,102.0,276,109.1,345,0.17,157,18,15,218
225,Long Beach St.,BW,-5.08,101.3,243,106.3,214,71.5,30,0.051,58,-0.77,160,104.3,160,105.0,181,5.59,29,15,19,124
226,Cal St. Bakersfield,WAC,-5.13,102.6,207,107.7,243,65.2,303,0.07200000000000001,28,-2.04,199,103.5,198,105.5,195,-2.69,240,18,16,121
227,Evansville,MVC,-5.2,99.7,268,104.9,177,69.5,86,-0.061,311,-0.25,147,103.1,215,103.4,109,1.87,104,11,21,161
228,La Salle,A10,-5.39,100.0,257,105.4,189,68.9,108,-0.04,274,-0.24,146,103.6,188,103.8,124,0.3,150,10,21,297
229,South Dakota,Sum,-5.61,100.6,253,106.2,209,67.0,210,-0.048,293,-3.89,253,104.1,165,108.0,312,-0.58,178,13,17,12
230,UMBC,AE,-5.75,96.2,313,102.0,119,65.0,311,0.078,24,-7.09,310,100.2,322,107.3,275,-4.48,291,21,13,162
231,Boston University,Pat,-5.96,104.4,176,110.4,288,66.3,247,-0.025,246,-4.84,269,102.5,250,107.3,276,-4.47,290,15,18,135
232,Southeastern Louisiana,Slnd,-6.07,99.5,272,105.5,192,65.3,295,0.009000000000000001,156,-7.22,314,100.5,315,107.8,303,1.97,103,17,16,287
233,Detroit,Horz,-6.11,106.5,138,112.6,320,68.6,125,-0.011000000000000001,215,0.26,132,105.3,117,105.0,180,5.34,34,11,20,102
234,Quinnipiac,MAAC,-6.21,105.5,154,111.7,310,66.9,218,-0.026000000000000002,248,-9.26,344,99.0,342,108.2,320,-7.91,340,16,15,316
235,Eastern Kentucky,OVC,-6.23,99.8,266,106.0,204,76.6,2,0.012,151,-1.72,185,103.9,175,105.6,199,0.83,133,13,18,74
236,Massachusetts,A10,-6.29,102.9,203,109.2,265,67.3,191,-0.061,310,-1.88,189,102.8,234,104.7,167,-4.87,296,11,21,231
237,Eastern Washington,BSky,-6.36,101.3,242,107.6,240,67.8,163,0.026000000000000002,111,-4.74,267,103.0,223,107.8,305,7.19,14,16,18,138
238,UMKC,WAC,-6.45,101.1,245,107.6,239,66.3,248,-0.052000000000000005,299,-0.17,143,105.1,124,105.3,190,1.22,118,11,21,149
239,Holy Cross,Pat,-6.81,101.2,244,108.0,248,63.6,336,0.067,31,-3.74,247,103.2,209,107.0,261,-2.2,228,16,17,191
240,Sacred Heart,NEC,-6.81,104.2,179,111.0,301,72.0,23,-0.062,313,-8.08,337,100.4,318,108.5,329,-1.76,211,15,17,63
241,California,P12,-6.84,103.5,192,110.3,286,66.6,234,0.037000000000000005,89,4.76,73,106.7,75,102.0,72,-0.07,164,8,23,328
242,Army,Pat,-6.89,96.3,312,103.2,147,69.8,75,-0.027999999999999997,252,-4.73,266,103.3,205,108.1,316,-4.89,297,13,19,268
243,Air Force,MWC,-7.06,100.6,252,107.7,242,66.6,235,0.03,103,-1.62,182,102.9,230,104.5,160,-4.14,280,14,18,60
244,Norfolk St.,MEAC,-7.23,98.5,284,105.7,196,69.2,98,0.059000000000000004,46,-9.6,347,98.0,348,107.6,287,1.35,116,22,14,246
245,Morehead St.,OVC,-7.27,102.7,205,110.0,280,67.2,200,0.06,42,-0.12,141,104.9,131,105.0,176,5.35,33,13,20,158
246,Middle Tennessee,CUSA,-7.28,98.3,288,105.6,193,67.6,175,0.013000000000000001,146,1.7,98,104.1,166,102.4,83,10.01,5,11,21,112
247,Jacksonville,ASun,-7.41,99.1,276,106.5,216,70.9,42,-0.055999999999999994,303,-3.47,238,102.5,251,105.9,210,-4.21,285,12,20,177
248,Rice,CUSA,-7.45,103.2,198,110.7,294,70.1,63,0.0,178,-2.19,205,101.3,290,103.5,111,0.38,147,13,19,55
249,Troy,SB,-7.49,102.9,202,110.4,290,67.0,207,0.053,56,-0.57,153,104.5,149,105.0,182,0.97,126,12,18,83
250,Montana St.,BSky,-7.57,107.8,108,115.4,346,70.0,70,0.008,160,-6.49,297,102.2,270,108.7,333,3.49,71,15,17,265
251,Drexel,CAA,-7.57,105.6,151,113.2,327,69.1,102,0.004,170,-3.15,226,104.6,143,107.7,301,-1.56,205,13,19,100
252,UC Davis,BW,-7.61,96.5,310,104.1,159,65.9,272,-0.043,279,-1.91,190,103.1,217,105.0,184,4.75,47,11,20,114
253,Cal St. Northridge,BW,-7.74,104.8,170,112.5,318,70.9,43,-0.018000000000000002,232,-4.63,263,101.7,282,106.3,225,-4.09,279,13,21,29
254,Arkansas St.,SB,-7.8,102.4,210,110.2,285,68.3,140,0.086,14,-0.66,159,104.8,136,105.4,193,0.59,138,13,19,75
255,Western Michigan,MAC,-7.82,99.2,275,107.0,228,69.2,97,-0.039,271,2.43,94,106.2,79,103.7,120,-3.16,251,8,24,332
256,Longwood,BSth,-7.83,99.5,274,107.3,233,67.2,195,-0.023,241,-5.51,280,102.7,238,108.2,319,-9.95,347,16,18,199
257,The Citadel,SC,-7.83,106.7,134,114.5,337,73.6,10,0.027999999999999997,105,1.0,118,105.4,103,104.4,157,0.62,137,12,18,94
258,UMass Lowell,AE,-7.86,104.5,174,112.4,317,69.8,74,-0.026000000000000002,249,-6.57,298,100.1,325,106.7,244,-4.46,289,15,17,52
259,Youngstown St.,Horz,-7.97,104.3,178,112.3,316,67.0,205,-0.004,191,-1.79,187,104.0,170,105.8,200,0.28,152,12,20,70
260,Fordham,A10,-8.0,96.7,306,104.7,168,65.2,304,-0.075,329,-4.76,268,101.1,299,105.9,207,-11.88,351,12,20,338
261,St. Francis PA,NEC,-8.04,105.5,155,113.5,332,68.4,137,0.083,20,-7.34,317,101.1,301,108.4,326,6.49,21,18,15,80
262,New Orleans,Slnd,-8.1,97.0,302,105.1,181,68.6,126,0.077,25,-7.17,313,100.8,307,108.0,313,6.43,24,19,14,105
263,LIU Brooklyn,NEC,-8.2,98.3,290,106.5,217,70.8,45,-0.013000000000000001,221,-8.97,342,99.8,332,108.7,338,-5.97,321,16,16,28
264,East Carolina,Amer,-8.24,98.7,282,106.9,227,68.1,148,-0.006,200,0.74,121,103.6,189,102.8,98,-12.17,352,10,21,244
265,Delaware,CAA,-8.28,104.9,165,113.2,328,63.3,341,0.08,22,-4.86,271,103.6,194,108.4,327,-6.35,326,17,16,42
266,Chattanooga,SC,-8.29,101.5,237,109.7,275,66.1,258,0.025,112,0.34,129,105.4,108,105.0,183,-2.06,220,12,20,111
267,Siena,MAAC,-8.38,100.7,251,109.1,263,60.6,352,0.06,43,-7.41,318,100.5,316,107.9,310,-1.93,218,17,16,307
268,Grambling St.,SWAC,-8.56,95.9,318,104.4,165,69.6,82,-0.044000000000000004,282,-9.51,346,98.2,347,107.7,298,3.9,61,17,17,153
269,Robert Morris,NEC,-8.72,96.1,314,104.9,176,66.3,250,0.034,95,-8.21,339,101.2,296,109.4,350,-1.33,197,18,17,165
270,Loyola MD,Pat,-8.72,101.8,226,110.5,291,68.5,128,-0.027999999999999997,251,-3.65,243,103.6,185,107.3,273,-1.64,209,11,21,110
271,North Dakota,Sum,-8.76,97.6,297,106.3,212,69.7,79,-0.046,286,-3.26,229,104.9,128,108.2,318,1.51,113,12,18,21
272,UNC Wilmington,CAA,-9.31,105.4,156,114.7,339,69.3,93,-0.034,264,-2.17,204,105.4,106,107.6,291,1.74,109,10,23,87
273,Southern Utah,BSky,-9.4,96.4,311,105.8,199,71.2,35,0.044000000000000004,75,-7.01,308,102.4,258,109.4,351,0.95,127,17,17,278
274,Sacramento St.,BSky,-9.44,96.6,309,106.0,205,68.1,146,-0.011000000000000001,212,-7.71,325,101.7,281,109.4,349,-2.45,232,15,16,341
275,St. Francis NY,NEC,-9.5,96.1,315,105.6,195,68.3,138,0.045,72,-8.05,334,101.0,304,109.0,344,-3.82,270,17,16,217
276,Marist,MAAC,-9.52,100.2,254,109.8,277,64.5,323,-0.054000000000000006,301,-7.43,319,100.2,320,107.7,294,-2.95,247,12,19,339
277,Western Carolina,SC,-9.58,101.6,232,111.2,303,69.5,85,-0.051,296,2.11,96,106.8,73,104.7,168,4.68,48,7,25,93
278,Cleveland St.,Horz,-9.7,101.9,223,111.6,309,69.1,103,-0.040999999999999995,276,-1.93,192,105.1,125,107.0,263,0.24,154,10,21,228
279,Albany,AE,-9.86,98.4,285,108.3,253,65.9,270,-0.066,319,-7.01,307,100.2,324,107.2,272,-5.46,311,12,20,164
280,Navy,Pat,-9.88,97.3,299,107.2,230,66.9,212,0.061,40,-2.97,219,103.4,203,106.3,226,-1.16,193,12,19,329
281,Houston Baptist,Slnd,-9.88,103.0,201,112.9,324,73.9,9,-0.038,268,-5.81,286,101.1,298,106.9,260,6.35,25,12,18,248
282,Canisius,MAAC,-9.91,101.6,230,111.5,307,67.7,169,0.115,6,-5.56,282,100.9,305,106.4,229,3.49,72,15,17,215
283,Tulane,Amer,-9.99,97.3,300,107.3,232,69.7,78,-0.042,277,3.75,80,106.0,84,102.3,79,-3.76,267,4,27,284
284,North Alabama,ASun,-10.02,95.3,322,105.3,184,68.4,135,0.006,167,1.16,111,104.7,140,103.5,112,7.06,17,10,22,202
285,James Madison,CAA,-10.03,101.1,247,111.1,302,65.2,301,0.055999999999999994,51,-4.09,257,104.8,137,108.9,342,-3.78,268,14,19,146
286,Portland St.,BSky,-10.21,101.9,224,112.1,314,69.1,104,0.046,69,-7.48,321,101.4,289,108.8,341,-1.55,203,16,16,17
287,Texas A&M Corpus Chris,Slnd,-10.25,94.6,328,104.8,174,64.9,315,-0.011000000000000001,213,-6.16,289,101.2,294,107.4,278,3.4,74,14,18,276
288,VMI,SC,-10.3,102.4,213,112.7,321,71.6,27,0.018000000000000002,135,1.02,117,105.9,89,104.9,175,-0.65,180,11,21,51
289,Tennessee Martin,OVC,-10.35,104.9,167,115.3,344,68.5,132,0.009000000000000001,159,-3.28,232,103.2,208,106.5,235,-0.94,184,12,19,171
290,Oral Roberts,Sum,-10.54,103.7,189,114.2,336,66.9,219,0.013000000000000001,145,-1.3,173,105.5,99,106.8,253,4.08,56,11,21,57
291,Towson,CAA,-10.67,100.2,255,110.9,298,63.5,337,-0.049,295,-4.61,262,103.9,176,108.5,330,-4.29,287,10,22,145
292,Tennessee St.,OVC,-10.73,98.9,280,109.6,270,69.4,88,-0.062,312,-2.0,195,103.1,218,105.1,187,4.44,51,9,21,56
293,George Washington,A10,-10.81,95.4,321,106.2,211,67.2,197,-0.009000000000000001,208,-0.58,154,102.9,229,103.5,110,-2.14,224,9,24,282
294,Western Illinois,Sum,-10.86,97.6,296,108.5,256,67.3,190,-0.106,345,-4.66,265,104.5,146,109.2,346,-5.47,314,10,21,249
295,Monmouth,MAAC,-10.89,93.2,336,104.1,160,67.5,185,0.047,67,-5.05,275,102.5,246,107.6,290,3.3,79,14,21,295
296,Milwaukee,Horz,-11.0,98.6,283,109.6,269,66.1,259,0.016,141,-2.66,215,103.8,179,106.5,236,-2.18,226,9,22,84
297,Charlotte,CUSA,-11.16,95.6,319,106.8,224,64.5,325,-0.005,196,-1.81,188,102.3,261,104.1,135,-0.19,171,8,21,312
298,Lafayette,Pat,-11.27,101.6,231,112.9,323,68.9,109,0.004,169,-4.66,264,102.4,257,107.1,267,-3.86,271,10,20,243
299,UTEP,CUSA,-11.31,90.1,343,101.4,114,68.0,151,-0.086,336,-2.55,213,102.2,269,104.7,170,-1.81,213,8,21,172
300,North Carolina A&T,MEAC,-11.32,96.8,305,108.1,249,65.7,279,0.099,11,-10.75,350,97.9,349,108.7,335,3.32,77,19,13,178
301,Fairfield,MAAC,-11.43,96.0,317,107.5,235,67.8,160,-0.094,341,-8.07,335,99.5,336,107.5,286,-3.01,250,9,22,331
302,Central Arkansas,Slnd,-11.44,99.9,262,111.4,304,70.5,53,0.019,133,-4.84,270,101.0,303,105.8,205,7.72,9,14,19,131
303,North Carolina Central,MEAC,-11.55,97.8,295,109.3,267,65.3,291,-0.008,206,-11.84,352,97.0,353,108.9,343,1.19,120,18,16,266
304,Northern Arizona,BSky,-11.83,100.8,250,112.6,319,68.5,130,-0.036000000000000004,266,-6.4,296,102.2,268,108.6,331,-0.02,163,10,21,326
305,Howard,MEAC,-11.89,102.0,221,113.9,334,71.3,31,0.017,138,-9.37,345,97.8,350,107.2,271,-0.38,175,17,17,175
306,Bethune Cookman,MEAC,-11.92,93.6,332,105.5,191,72.2,18,-0.03,256,-10.94,351,98.7,344,109.7,352,-2.0,219,14,17,133
307,Eastern Illinois,OVC,-11.94,100.0,258,112.0,312,66.9,214,0.094,12,-4.91,273,102.7,237,107.6,293,-4.0,274,14,18,97
308,Southeast Missouri St.,OVC,-12.22,97.8,294,110.0,281,67.6,174,-0.033,260,-3.66,244,103.2,213,106.8,254,-3.01,249,10,21,239
309,Elon,CAA,-12.41,99.0,277,111.4,306,68.0,150,-0.002,185,-4.37,261,104.3,156,108.7,337,-3.99,273,11,21,127
310,Nicholls St.,Slnd,-12.85,98.7,281,111.6,308,68.5,129,-0.005,193,-7.45,320,101.2,297,108.6,332,3.23,83,14,17,48
311,Stephen F. Austin,Slnd,-12.94,95.5,320,108.4,254,68.8,112,0.036000000000000004,91,-6.71,301,101.6,283,108.3,325,3.55,69,14,16,37
312,Denver,Sum,-13.05,99.9,261,113.0,325,67.1,203,-0.062,314,-3.42,235,103.7,181,107.1,268,-1.11,190,8,22,141
313,Arkansas Pine Bluff,SWAC,-13.14,96.6,308,109.7,273,65.3,296,0.023,122,-6.92,304,99.2,339,106.1,217,5.9,27,13,19,353
314,Wagner,NEC,-13.51,93.9,331,107.5,234,63.8,332,0.043,78,-7.24,315,101.4,285,108.7,334,-0.63,179,13,17,292
315,Niagara,MAAC,-13.52,101.8,225,115.3,345,69.7,81,0.031,100,-9.03,343,98.5,345,107.5,281,-7.85,339,13,19,311
316,Saint Peter's,MAAC,-13.63,94.7,327,108.3,252,63.2,342,-0.013000000000000001,223,-7.49,322,100.8,308,108.3,323,-2.54,234,10,22,344
317,Wyoming,MWC,-13.86,95.1,325,108.9,259,68.4,133,0.003,173,-1.5,178,104.0,168,105.5,194,-4.27,286,8,24,285
318,Florida A&M,MEAC,-13.89,89.4,347,103.3,148,64.9,314,-0.006999999999999999,201,-7.17,312,100.0,327,107.1,270,4.97,43,12,19,340
319,Jackson St.,SWAC,-14.4,90.2,341,104.6,167,65.1,307,0.006999999999999999,165,-8.62,340,99.1,340,107.7,299,4.97,42,13,19,294
320,Tennessee Tech,OVC,-14.87,89.9,345,104.7,171,68.3,139,-0.042,278,-3.15,227,104.4,151,107.5,285,1.15,122,8,23,269
321,Central Connecticut,NEC,-14.89,97.2,301,112.1,313,69.1,101,0.006,166,-6.28,293,101.4,287,107.7,295,2.69,94,11,20,283
322,UC Riverside,BW,-15.09,98.3,289,113.4,331,63.3,340,-0.023,243,-3.55,240,102.2,267,105.8,202,-2.25,230,10,23,154
323,Manhattan,MAAC,-15.15,89.6,346,104.8,172,61.8,351,0.021,127,-8.07,336,100.2,323,108.3,321,-4.31,288,11,21,347
324,Mount St. Mary's,NEC,-15.28,94.8,326,110.1,282,67.1,202,-0.012,217,-5.56,283,102.3,264,107.8,307,4.78,45,9,22,310
325,Stetson,ASun,-15.46,97.9,293,113.3,329,68.8,113,-0.054000000000000006,300,-2.89,218,101.8,277,104.7,169,-2.74,241,7,24,207
326,Portland,WCC,-15.64,94.6,329,110.2,283,66.8,222,-0.011000000000000001,214,-0.17,142,103.6,191,103.7,119,-7.78,337,7,25,120
327,Bryant,NEC,-15.64,99.5,273,115.1,343,67.6,176,0.026000000000000002,109,-7.78,330,100.3,319,108.0,315,-2.84,242,10,20,179
328,Alabama St.,SWAC,-15.77,95.2,323,110.9,300,67.2,196,0.024,117,-6.59,300,99.9,328,106.5,231,12.25,2,12,19,336
329,Idaho St.,BSky,-16.18,102.2,216,118.4,350,66.8,221,0.067,32,-5.3,277,102.5,247,107.8,306,7.29,13,11,19,334
330,SIU Edwardsville,OVC,-16.21,96.9,304,113.1,326,69.7,80,0.033,97,-5.03,274,102.6,241,107.7,297,-5.41,308,10,21,212
331,McNeese St.,Slnd,-16.74,98.1,292,114.9,341,66.3,246,-0.047,290,-6.32,295,101.2,295,107.5,284,4.75,46,9,22,49
332,Binghamton,AE,-16.74,96.1,316,112.9,322,65.8,273,0.003,175,-4.87,272,100.7,310,105.6,196,-3.26,256,10,23,214
333,Morgan St.,MEAC,-17.85,92.8,337,110.7,296,72.1,22,-0.07400000000000001,328,-12.93,353,97.3,352,110.2,353,-0.83,182,9,21,54
334,Cal Poly,BW,-17.86,97.0,303,114.9,342,66.2,255,-0.068,321,-4.11,258,101.8,279,105.9,206,-2.6,238,6,23,330
335,Southern,SWAC,-17.91,94.2,330,112.1,315,65.7,277,-0.08199999999999999,333,-6.92,305,99.8,330,106.7,246,7.11,16,7,25,264
336,USC Upstate,BSth,-18.1,93.3,334,111.4,305,68.0,149,-0.049,294,-3.01,221,103.6,187,106.6,240,-1.56,204,6,26,192
337,South Carolina St.,MEAC,-18.5,98.3,287,116.8,348,67.0,209,-0.037000000000000005,267,-7.77,328,99.2,338,106.9,257,6.5,20,8,26,314
338,Maine,AE,-18.68,93.3,335,111.9,311,64.0,329,-0.057999999999999996,306,-3.05,222,102.1,273,105.1,188,1.22,119,5,27,300
339,Kennesaw St.,ASun,-18.91,92.0,338,110.9,299,68.2,144,0.04,84,0.93,119,104.3,159,103.3,105,3.94,60,6,26,337
340,Savannah St.,MEAC,-19.45,96.6,307,116.1,347,74.9,3,0.061,41,-10.05,349,97.7,351,107.7,302,4.58,50,11,20,
341,Northwestern St.,Slnd,-19.81,90.1,342,110.0,279,68.6,124,0.069,30,-6.78,302,100.8,309,107.6,289,3.74,64,11,20,309
342,Coppin St.,MEAC,-20.33,88.9,349,109.3,266,70.2,60,0.01,155,-7.78,329,99.6,333,107.4,280,7.64,10,8,25,200
343,San Jose St.,MWC,-21.99,92.0,339,114.0,335,69.3,92,-0.021,235,-1.41,176,103.6,184,105.0,185,-4.97,302,4,27,174
344,Alabama A&M,SWAC,-22.17,87.0,350,109.1,264,65.7,282,-0.044000000000000004,283,-8.03,333,99.3,337,107.3,274,0.26,153,5,27,342
345,New Hampshire,AE,-23.05,84.4,353,107.5,237,65.6,283,-0.015,225,-6.31,294,101.5,284,107.9,308,-4.9,298,5,24,277
346,Incarnate Word,Slnd,-23.06,97.5,298,120.6,353,64.9,313,-0.066,317,-5.4,278,101.3,293,106.7,242,4.25,53,6,25,322
347,UNC Asheville,BSth,-23.64,93.3,333,117.0,349,61.9,350,-0.032,257,-0.79,161,105.2,118,106.0,216,4.41,52,4,27,144
348,Idaho,BSky,-23.78,95.2,324,118.9,352,65.4,290,-0.036000000000000004,265,-6.99,306,102.3,263,109.3,347,-3.53,262,5,27,325
349,Alcorn St.,SWAC,-24.07,89.3,348,113.4,330,65.8,276,0.031,101,-7.71,326,99.1,341,106.8,249,8.36,7,10,21,209
350,Mississippi Valley St.,SWAC,-24.63,89.9,344,114.5,338,69.2,96,-0.018000000000000002,230,-6.27,292,99.9,329,106.1,219,6.46,22,6,26,345
351,Chicago St.,WAC,-28.26,90.4,340,118.6,351,70.1,65,-0.012,218,2.7,92,105.4,105,102.7,94,5.2,37,3,29,147
352,Delaware St.,MEAC,-29.31,84.5,352,113.8,333,69.7,77,0.008,161,-9.71,348,98.2,346,107.9,309,0.84,130,6,25,308
353,Maryland Eastern Shore,MEAC,-29.42,85.4,351,114.8,340,63.1,343,0.024,115,-7.72,327,99.8,331,107.5,282,5.31,36,7,25,333
